input_snr_db,noise_type,method,denoise_model_seed,denoise_model_mean_val_snr,classifier_seed,accuracy,jian_accuracy,la_accuracy,precision,recall,f1_score,balanced_accuracy,true_negative,false_positive,false_negative,true_positive,mean_input_snr,mean_output_snr,denoise_model_path,classifier_model_path
0,normal,denoised_then_classified,7,6.459885107599179,7,0.9079431877958969,0.9704157782515992,0.8470924195223261,0.9671013633669235,0.8470924195223261,0.9031275947965679,0.9087540988869627,3641,111,589,3263,-6.811483656106115e-10,5.363503392728503,D:\wangshuo\paper4_2\unet_7block_combined_models\unet_7block_combined_0dB_seed7.h5,D:\wangshuo\paper4_2\simple_mlp_classification_models\simple_mlp_classifier_seed7.h5
0,normal,denoised_then_classified,7,6.459885107599179,19,0.9070226196738559,0.9698827292110874,0.8457943925233645,0.9664787896766538,0.8457943925233645,0.9021182334210162,0.9078385608672259,3639,113,594,3258,-6.811483656106115e-10,5.363503392728503,D:\wangshuo\paper4_2\unet_7block_combined_models\unet_7block_combined_0dB_seed7.h5,D:\wangshuo\paper4_2\simple_mlp_classification_models\simple_mlp_classifier_seed19.h5
0,normal,denoised_then_classified,7,6.459885107599179,42,0.8959758022093635,0.9738805970149254,0.8200934579439252,0.9699109610070618,0.8200934579439252,0.888732592488395,0.8969870274794253,3654,98,693,3159,-6.811483656106115e-10,5.363503392728503,D:\wangshuo\paper4_2\unet_7block_combined_models\unet_7block_combined_0dB_seed7.h5,D:\wangshuo\paper4_2\simple_mlp_classification_models\simple_mlp_classifier_seed42.h5
0,normal,denoised_then_classified,7,6.459885107599179,66,0.9099158337716992,0.9728144989339019,0.84865005192108,0.9697419163452982,0.84865005192108,0.9051640592551571,0.9107322754274909,3650,102,583,3269,-6.811483656106115e-10,5.363503392728503,D:\wangshuo\paper4_2\unet_7block_combined_models\unet_7block_combined_0dB_seed7.h5,D:\wangshuo\paper4_2\simple_mlp_classification_models\simple_mlp_classifier_seed66.h5
0,normal,denoised_then_classified,7,6.459885107599179,88,0.9057075223566544,0.9690831556503199,0.8439771547248183,0.9655479655479655,0.8439771547248183,0.9006787643717966,0.9065301551875691,3636,116,601,3251,-6.811483656106115e-10,5.363503392728503,D:\wangshuo\paper4_2\unet_7block_combined_models\unet_7block_combined_0dB_seed7.h5,D:\wangshuo\paper4_2\simple_mlp_classification_models\simple_mlp_classifier_seed88.h5
0,normal,denoised_then_classified,7,6.459885107599179,100,0.9042609153077328,0.9733475479744137,0.8369678089304258,0.9699157641395909,0.8369678089304258,0.8985507246376812,0.9051576784524198,3652,100,628,3224,-6.811483656106115e-10,5.363503392728503,D:\wangshuo\paper4_2\unet_7block_combined_models\unet_7block_combined_0dB_seed7.h5,D:\wangshuo\paper4_2\simple_mlp_classification_models\simple_mlp_classifier_seed100.h5
0,normal,denoised_then_classified,7,6.459885107599179,123,0.8999210941609679,0.9744136460554371,0.8273624091381101,0.9707584526347852,0.8273624091381101,0.8933426769446391,0.9008880275967737,3656,96,665,3187,-6.811483656106115e-10,5.363503392728503,D:\wangshuo\paper4_2\unet_7block_combined_models\unet_7block_combined_0dB_seed7.h5,D:\wangshuo\paper4_2\simple_mlp_classification_models\simple_mlp_classifier_seed123.h5
0,normal,denoised_then_classified,7,6.459885107599179,256,0.8986059968437664,0.9693496801705757,0.829698857736241,0.9652672908486862,0.829698857736241,0.8923635348317744,0.8995242689534083,3637,115,656,3196,-6.811483656106115e-10,5.363503392728503,D:\wangshuo\paper4_2\unet_7block_combined_models\unet_7block_combined_0dB_seed7.h5,D:\wangshuo\paper4_2\simple_mlp_classification_models\simple_mlp_classifier_seed256.h5
0,normal,denoised_then_classified,7,6.459885107599179,512,0.907154129405576,0.9722814498933902,0.843717549325026,0.9689922480620154,0.843717549325026,0.9020260893699694,0.907999499609208,3648,104,602,3250,-6.811483656106115e-10,5.363503392728503,D:\wangshuo\paper4_2\unet_7block_combined_models\unet_7block_combined_0dB_seed7.h5,D:\wangshuo\paper4_2\simple_mlp_classification_models\simple_mlp_classifier_seed512.h5
0,normal,denoised_then_classified,7,6.459885107599179,2024,0.9054445028932141,0.9720149253731343,0.8406022845275182,0.968591085851032,0.8406022845275182,0.9000694927032662,0.9063086049503262,3647,105,614,3238,-6.811483656106115e-10,5.363503392728503,D:\wangshuo\paper4_2\unet_7block_combined_models\unet_7block_combined_0dB_seed7.h5,D:\wangshuo\paper4_2\simple_mlp_classification_models\simple_mlp_classifier_seed2024.h5
0,normal,noisy_directly_classified,7,6.459885107599179,7,0.849026827985271,0.767590618336887,0.9283489096573209,0.8039568345323741,0.9283489096573209,0.8616867469879518,0.847969763997104,2880,872,276,3576,-6.811483656106115e-10,,D:\wangshuo\paper4_2\unet_7block_combined_models\unet_7block_combined_0dB_seed7.h5,D:\wangshuo\paper4_2\simple_mlp_classification_models\simple_mlp_classifier_seed7.h5
0,normal,noisy_directly_classified,7,6.459885107599179,19,0.8746712256706997,0.8059701492537313,0.9415887850467289,0.8328358208955224,0.9415887850467289,0.8838796149628366,0.8737794671502301,3024,728,225,3627,-6.811483656106115e-10,,D:\wangshuo\paper4_2\unet_7block_combined_models\unet_7block_combined_0dB_seed7.h5,D:\wangshuo\paper4_2\simple_mlp_classification_models\simple_mlp_classifier_seed19.h5
0,normal,noisy_directly_classified,7,6.459885107599179,42,0.8603366649132036,0.8107675906183369,0.9086188992731049,0.831353919239905,0.9086188992731049,0.8682709005209626,0.8596932449457209,3042,710,352,3500,-6.811483656106115e-10,,D:\wangshuo\paper4_2\unet_7block_combined_models\unet_7block_combined_0dB_seed7.h5,D:\wangshuo\paper4_2\simple_mlp_classification_models\simple_mlp_classifier_seed42.h5
0,normal,noisy_directly_classified,7,6.459885107599179,66,0.877695949500263,0.804637526652452,0.9488577362409139,0.8329535095715588,0.9488577362409139,0.8871359223300971,0.8767476314466829,3019,733,197,3655,-6.811483656106115e-10,,D:\wangshuo\paper4_2\unet_7block_combined_models\unet_7block_combined_0dB_seed7.h5,D:\wangshuo\paper4_2\simple_mlp_classification_models\simple_mlp_classifier_seed66.h5
0,normal,noisy_directly_classified,7,6.459885107599179,88,0.9088637559179379,0.8531449893390192,0.9631360332294912,0.870687632011265,0.9631360332294912,0.91458153580673,0.9081405112842551,3201,551,142,3710,-6.811483656106115e-10,,D:\wangshuo\paper4_2\unet_7block_combined_models\unet_7block_combined_0dB_seed7.h5,D:\wangshuo\paper4_2\simple_mlp_classification_models\simple_mlp_classifier_seed88.h5
0,normal,noisy_directly_classified,7,6.459885107599179,100,0.87506575486586,0.8019722814498934,0.9462616822429907,0.8306745670009116,0.9462616822429907,0.8847087378640777,0.874116981846442,3009,743,207,3645,-6.811483656106115e-10,,D:\wangshuo\paper4_2\unet_7block_combined_models\unet_7block_combined_0dB_seed7.h5,D:\wangshuo\paper4_2\simple_mlp_classification_models\simple_mlp_classifier_seed100.h5
0,normal,noisy_directly_classified,7,6.459885107599179,123,0.8602051551814834,0.8131663113006397,0.9060228452751817,0.8327368169887855,0.9060228452751817,0.8678353848066642,0.8595945782879106,3051,701,362,3490,-6.811483656106115e-10,,D:\wangshuo\paper4_2\unet_7block_combined_models\unet_7block_combined_0dB_seed7.h5,D:\wangshuo\paper4_2\simple_mlp_classification_models\simple_mlp_classifier_seed123.h5
0,normal,noisy_directly_classified,7,6.459885107599179,256,0.8496843766438716,0.771588486140725,0.9257528556593977,0.8062401085236265,0.9257528556593977,0.8618731117824774,0.8486706709000613,2895,857,286,3566,-6.811483656106115e-10,,D:\wangshuo\paper4_2\unet_7block_combined_models\unet_7block_combined_0dB_seed7.h5,D:\wangshuo\paper4_2\simple_mlp_classification_models\simple_mlp_classifier_seed256.h5
0,normal,noisy_directly_classified,7,6.459885107599179,512,0.867832719621252,0.792910447761194,0.940809968847352,0.8234492160872529,0.940809968847352,0.8782260996001454,0.866860208304273,2975,777,228,3624,-6.811483656106115e-10,,D:\wangshuo\paper4_2\unet_7block_combined_models\unet_7block_combined_0dB_seed7.h5,D:\wangshuo\paper4_2\simple_mlp_classification_models\simple_mlp_classifier_seed512.h5
0,normal,noisy_directly_classified,7,6.459885107599179,2024,0.8876906891109942,0.8363539445628998,0.9376947040498442,0.8547089446284903,0.9376947040498442,0.8942807625649913,0.887024324306372,3138,614,240,3612,-6.811483656106115e-10,,D:\wangshuo\paper4_2\unet_7block_combined_models\unet_7block_combined_0dB_seed7.h5,D:\wangshuo\paper4_2\simple_mlp_classification_models\simple_mlp_classifier_seed2024.h5
0,truck,denoised_then_classified,7,6.459885107599179,7,0.9012361914781694,0.9682835820895522,0.8359293873312564,0.9643605870020965,0.8359293873312564,0.8955638993185927,0.9021064847104043,3633,119,632,3220,-2.938530493669821e-09,5.6069468322410145,D:\wangshuo\paper4_2\unet_7block_combined_models\unet_7block_combined_0dB_seed7.h5,D:\wangshuo\paper4_2\simple_mlp_classification_models\simple_mlp_classifier_seed7.h5
0,truck,denoised_then_classified,7,6.459885107599179,19,0.9083377169910574,0.9698827292110874,0.8483904465212876,0.9665779355220349,0.8483904465212876,0.9036361122632379,0.9091365878661875,3639,113,584,3268,-2.938530493669821e-09,5.6069468322410145,D:\wangshuo\paper4_2\unet_7block_combined_models\unet_7block_combined_0dB_seed7.h5,D:\wangshuo\paper4_2\simple_mlp_classification_models\simple_mlp_classifier_seed19.h5
0,truck,denoised_then_classified,7,6.459885107599179,42,0.8996580746975276,0.9728144989339019,0.8284008307372793,0.9690252049802611,0.8284008307372793,0.8932120363890833,0.9006076648355906,3650,102,661,3191,-2.938530493669821e-09,5.6069468322410145,D:\wangshuo\paper4_2\unet_7block_combined_models\unet_7block_combined_0dB_seed7.h5,D:\wangshuo\paper4_2\simple_mlp_classification_models\simple_mlp_classifier_seed42.h5
0,truck,denoised_then_classified,7,6.459885107599179,66,0.9067596002104156,0.9685501066098081,0.8465732087227414,0.9650784255696951,0.8465732087227414,0.9019499377679435,0.9075616576662748,3634,118,591,3261,-2.938530493669821e-09,5.6069468322410145,D:\wangshuo\paper4_2\unet_7block_combined_models\unet_7block_combined_0dB_seed7.h5,D:\wangshuo\paper4_2\simple_mlp_classification_models\simple_mlp_classifier_seed66.h5
0,truck,denoised_then_classified,7,6.459885107599179,88,0.9088637559179379,0.9656183368869936,0.8535825545171339,0.9622475856014048,0.8535825545171339,0.9046636401155592,0.9096004457020638,3623,129,564,3288,-2.938530493669821e-09,5.6069468322410145,D:\wangshuo\paper4_2\unet_7block_combined_models\unet_7block_combined_0dB_seed7.h5,D:\wangshuo\paper4_2\simple_mlp_classification_models\simple_mlp_classifier_seed88.h5
0,truck,denoised_then_classified,7,6.459885107599179,100,0.9099158337716992,0.970682302771855,0.8507268951194185,0.9675228816061411,0.8507268951194185,0.9053736703964635,0.9107045989456367,3642,110,575,3277,-2.938530493669821e-09,5.6069468322410145,D:\wangshuo\paper4_2\unet_7block_combined_models\unet_7block_combined_0dB_seed7.h5,D:\wangshuo\paper4_2\simple_mlp_classification_models\simple_mlp_classifier_seed100.h5
0,truck,denoised_then_classified,7,6.459885107599179,123,0.9007101525512888,0.9712153518123667,0.8320353063343717,0.9674011469966798,0.8320353063343717,0.8946266573621773,0.9016253290733692,3644,108,647,3205,-2.938530493669821e-09,5.6069468322410145,D:\wangshuo\paper4_2\unet_7block_combined_models\unet_7block_combined_0dB_seed7.h5,D:\wangshuo\paper4_2\simple_mlp_classification_models\simple_mlp_classifier_seed123.h5
0,truck,denoised_then_classified,7,6.459885107599179,256,0.8978169384534456,0.9637526652452025,0.8335929387331257,0.9593665969524948,0.8335929387331257,0.8920683428253924,0.8986728019891641,3616,136,641,3211,-2.938530493669821e-09,5.6069468322410145,D:\wangshuo\paper4_2\unet_7block_combined_models\unet_7block_combined_0dB_seed7.h5,D:\wangshuo\paper4_2\simple_mlp_classification_models\simple_mlp_classifier_seed256.h5
0,truck,denoised_then_classified,7,6.459885107599179,512,0.9054445028932141,0.9720149253731343,0.8406022845275182,0.968591085851032,0.8406022845275182,0.9000694927032662,0.9063086049503262,3647,105,614,3238,-2.938530493669821e-09,5.6069468322410145,D:\wangshuo\paper4_2\unet_7block_combined_models\unet_7block_combined_0dB_seed7.h5,D:\wangshuo\paper4_2\simple_mlp_classification_models\simple_mlp_classifier_seed512.h5
0,truck,denoised_then_classified,7,6.459885107599179,2024,0.9076801683324566,0.9672174840085288,0.8496884735202492,0.9637809187279152,0.8496884735202492,0.9031456953642384,0.908452978764389,3629,123,579,3273,-2.938530493669821e-09,5.6069468322410145,D:\wangshuo\paper4_2\unet_7block_combined_models\unet_7block_combined_0dB_seed7.h5,D:\wangshuo\paper4_2\simple_mlp_classification_models\simple_mlp_classifier_seed2024.h5
0,truck,noisy_directly_classified,7,6.459885107599179,7,0.8556023145712782,0.7515991471215352,0.9569055036344756,0.7981810307492421,0.9569055036344756,0.8703659976387249,0.8542523253780054,2820,932,166,3686,-2.938530493669821e-09,,D:\wangshuo\paper4_2\unet_7block_combined_models\unet_7block_combined_0dB_seed7.h5,D:\wangshuo\paper4_2\simple_mlp_classification_models\simple_mlp_classifier_seed7.h5
0,truck,noisy_directly_classified,7,6.459885107599179,19,0.8558653340347185,0.747867803837953,0.9610591900311527,0.7964716006884681,0.9610591900311527,0.8710588235294118,0.8544634969345528,2806,946,150,3702,-2.938530493669821e-09,,D:\wangshuo\paper4_2\unet_7block_combined_models\unet_7block_combined_0dB_seed7.h5,D:\wangshuo\paper4_2\simple_mlp_classification_models\simple_mlp_classifier_seed19.h5
0,truck,noisy_directly_classified,7,6.459885107599179,42,0.8612572330352446,0.7705223880597015,0.9496365524402908,0.8094711219296304,0.9496365524402908,0.8739696571496834,0.8600794702499961,2891,861,194,3658,-2.938530493669821e-09,,D:\wangshuo\paper4_2\unet_7block_combined_models\unet_7block_combined_0dB_seed7.h5,D:\wangshuo\paper4_2\simple_mlp_classification_models\simple_mlp_classifier_seed42.h5
0,truck,noisy_directly_classified,7,6.459885107599179,66,0.8686217780115728,0.7582622601279317,0.9761163032191069,0.8056567388043712,0.9761163032191069,0.8827327151074069,0.8671892816735194,2845,907,92,3760,-2.938530493669821e-09,,D:\wangshuo\paper4_2\unet_7block_combined_models\unet_7block_combined_0dB_seed7.h5,D:\wangshuo\paper4_2\simple_mlp_classification_models\simple_mlp_classifier_seed66.h5
0,truck,noisy_directly_classified,7,6.459885107599179,88,0.8787480273540242,0.7849147121535182,0.9701453790238836,0.8224031690140845,0.9701453790238836,0.8901858027632206,0.877530045588701,2945,807,115,3737,-2.938530493669821e-09,,D:\wangshuo\paper4_2\unet_7block_combined_models\unet_7block_combined_0dB_seed7.h5,D:\wangshuo\paper4_2\simple_mlp_classification_models\simple_mlp_classifier_seed88.h5
0,truck,noisy_directly_classified,7,6.459885107599179,100,0.8604681746449238,0.7515991471215352,0.9665109034267912,0.7997851772287863,0.9665109034267912,0.875279181850241,0.8590550252741632,2820,932,129,3723,-2.938530493669821e-09,,D:\wangshuo\paper4_2\unet_7block_combined_models\unet_7block_combined_0dB_seed7.h5,D:\wangshuo\paper4_2\simple_mlp_classification_models\simple_mlp_classifier_seed100.h5
0,truck,noisy_directly_classified,7,6.459885107599179,123,0.8625723303524461,0.7643923240938166,0.9582035306334372,0.806775956284153,0.9582035306334372,0.875993829358016,0.861297927363627,2868,884,161,3691,-2.938530493669821e-09,,D:\wangshuo\paper4_2\unet_7block_combined_models\unet_7block_combined_0dB_seed7.h5,D:\wangshuo\paper4_2\simple_mlp_classification_models\simple_mlp_classifier_seed123.h5
0,truck,noisy_directly_classified,7,6.459885107599179,256,0.8636244082062072,0.7603944562899787,0.9641744548286605,0.8051159765879038,0.9641744548286605,0.8774955699940933,0.8622844555593197,2853,899,138,3714,-2.938530493669821e-09,,D:\wangshuo\paper4_2\unet_7block_combined_models\unet_7block_combined_0dB_seed7.h5,D:\wangshuo\paper4_2\simple_mlp_classification_models\simple_mlp_classifier_seed256.h5
0,truck,noisy_directly_classified,7,6.459885107599179,512,0.8680957390846923,0.7707889125799574,0.9628764278296988,0.8117750054716568,0.9628764278296988,0.8808930055812849,0.8668326702048281,2892,860,143,3709,-2.938530493669821e-09,,D:\wangshuo\paper4_2\unet_7block_combined_models\unet_7block_combined_0dB_seed7.h5,D:\wangshuo\paper4_2\simple_mlp_classification_models\simple_mlp_classifier_seed512.h5
0,truck,noisy_directly_classified,7,6.459885107599179,2024,0.8795370857443451,0.7814498933901919,0.9750778816199377,0.8208041958041958,0.9750778816199377,0.8913146654010441,0.8782638875050648,2932,820,96,3756,-2.938530493669821e-09,,D:\wangshuo\paper4_2\unet_7block_combined_models\unet_7block_combined_0dB_seed7.h5,D:\wangshuo\paper4_2\simple_mlp_classification_models\simple_mlp_classifier_seed2024.h5
5,normal,denoised_then_classified,7,9.369459245277593,7,0.9439768542872172,0.9741471215351812,0.9145898234683282,0.9732044198895028,0.9145898234683282,0.9429871520342612,0.9443684725017547,3655,97,329,3523,4.9999999994785185,8.531034766788792,D:\wangshuo\paper4_2\unet_7block_combined_models\unet_7block_combined_5dB_seed7.h5,D:\wangshuo\paper4_2\simple_mlp_classification_models\simple_mlp_classifier_seed7.h5
5,normal,denoised_then_classified,7,9.369459245277593,19,0.9454234613361389,0.976545842217484,0.9151090342679128,0.9756435095488514,0.9151090342679128,0.9444072337575352,0.9458274382426983,3664,88,327,3525,4.9999999994785185,8.531034766788792,D:\wangshuo\paper4_2\unet_7block_combined_models\unet_7block_combined_5dB_seed7.h5,D:\wangshuo\paper4_2\simple_mlp_classification_models\simple_mlp_classifier_seed19.h5
5,normal,denoised_then_classified,7,9.369459245277593,42,0.9371383482377696,0.9781449893390192,0.897196261682243,0.9768230638778971,0.897196261682243,0.9353179972936401,0.9376706255106311,3670,82,396,3456,4.9999999994785185,8.531034766788792,D:\wangshuo\paper4_2\unet_7block_combined_models\unet_7block_combined_5dB_seed7.h5,D:\wangshuo\paper4_2\simple_mlp_classification_models\simple_mlp_classifier_seed42.h5
5,normal,denoised_then_classified,7,9.369459245277593,66,0.9475276170436613,0.9816098081023454,0.9143302180685359,0.9807852965747702,0.9143302180685359,0.9463925836356308,0.9479700130854407,3683,69,330,3522,4.9999999994785185,8.531034766788792,D:\wangshuo\paper4_2\unet_7block_combined_models\unet_7block_combined_5dB_seed7.h5,D:\wangshuo\paper4_2\simple_mlp_classification_models\simple_mlp_classifier_seed66.h5
5,normal,denoised_then_classified,7,9.369459245277593,88,0.944634402945818,0.9728144989339019,0.9171858774662512,0.971939477303989,0.9171858774662512,0.943769199946574,0.9450001882000766,3650,102,319,3533,4.9999999994785185,8.531034766788792,D:\wangshuo\paper4_2\unet_7block_combined_models\unet_7block_combined_5dB_seed7.h5,D:\wangshuo\paper4_2\simple_mlp_classification_models\simple_mlp_classifier_seed88.h5
5,normal,denoised_then_classified,7,9.369459245277593,100,0.9443713834823777,0.978411513859275,0.9112149532710281,0.9774436090225563,0.9112149532710281,0.9431680773881499,0.9448132335651516,3671,81,342,3510,4.9999999994785185,8.531034766788792,D:\wangshuo\paper4_2\unet_7block_combined_models\unet_7block_combined_5dB_seed7.h5,D:\wangshuo\paper4_2\simple_mlp_classification_models\simple_mlp_classifier_seed100.h5
5,normal,denoised_then_classified,7,9.369459245277593,123,0.9384534455549711,0.9770788912579957,0.9008307372793354,0.9758155230596175,0.9008307372793354,0.9368250539956804,0.9389548142686656,3666,86,382,3470,4.9999999994785185,8.531034766788792,D:\wangshuo\paper4_2\unet_7block_combined_models\unet_7block_combined_5dB_seed7.h5,D:\wangshuo\paper4_2\simple_mlp_classification_models\simple_mlp_classifier_seed123.h5
5,normal,denoised_then_classified,7,9.369459245277593,256,0.9376643871646502,0.9730810234541578,0.9031671858774662,0.9717877094972067,0.9031671858774662,0.936221743810549,0.938124104665812,3651,101,373,3479,4.9999999994785185,8.531034766788792,D:\wangshuo\paper4_2\unet_7block_combined_models\unet_7block_combined_5dB_seed7.h5,D:\wangshuo\paper4_2\simple_mlp_classification_models\simple_mlp_classifier_seed256.h5
5,normal,denoised_then_classified,7,9.369459245277593,512,0.9434508153603367,0.9754797441364605,0.9122533748701973,0.9744869661674986,0.9122533748701973,0.942343791901314,0.9438665595033289,3660,92,338,3514,4.9999999994785185,8.531034766788792,D:\wangshuo\paper4_2\unet_7block_combined_models\unet_7block_combined_5dB_seed7.h5,D:\wangshuo\paper4_2\simple_mlp_classification_models\simple_mlp_classifier_seed512.h5
5,normal,denoised_then_classified,7,9.369459245277593,2024,0.9437138348237769,0.9802771855010661,0.9080996884735203,0.9792833146696529,0.9080996884735203,0.9423491379310345,0.9441884369872933,3678,74,354,3498,4.9999999994785185,8.531034766788792,D:\wangshuo\paper4_2\unet_7block_combined_models\unet_7block_combined_5dB_seed7.h5,D:\wangshuo\paper4_2\simple_mlp_classification_models\simple_mlp_classifier_seed2024.h5
5,normal,noisy_directly_classified,7,9.369459245277593,7,0.921357180431352,0.9080490405117271,0.9343198338525441,0.912525354969574,0.9343198338525441,0.9232939969214982,0.9211844371821356,3407,345,253,3599,4.9999999994785185,,D:\wangshuo\paper4_2\unet_7block_combined_models\unet_7block_combined_5dB_seed7.h5,D:\wangshuo\paper4_2\simple_mlp_classification_models\simple_mlp_classifier_seed7.h5
5,normal,noisy_directly_classified,7,9.369459245277593,19,0.940163072067333,0.9243070362473348,0.955607476635514,0.9283732660781842,0.955607476635514,0.9417935269284892,0.9399572564414245,3468,284,171,3681,4.9999999994785185,,D:\wangshuo\paper4_2\unet_7block_combined_models\unet_7block_combined_5dB_seed7.h5,D:\wangshuo\paper4_2\simple_mlp_classification_models\simple_mlp_classifier_seed19.h5
5,normal,noisy_directly_classified,7,9.369459245277593,42,0.9241188847974751,0.9229744136460555,0.9252336448598131,0.924993511549442,0.9252336448598131,0.9251135626216742,0.9241040292529343,3463,289,288,3564,4.9999999994785185,,D:\wangshuo\paper4_2\unet_7block_combined_models\unet_7block_combined_5dB_seed7.h5,D:\wangshuo\paper4_2\simple_mlp_classification_models\simple_mlp_classifier_seed42.h5
5,normal,noisy_directly_classified,7,9.369459245277593,66,0.9396370331404524,0.9253731343283582,0.9535306334371755,0.9291677207184417,0.9535306334371755,0.9411915438821269,0.9394518838827668,3472,280,179,3673,4.9999999994785185,,D:\wangshuo\paper4_2\unet_7block_combined_models\unet_7block_combined_5dB_seed7.h5,D:\wangshuo\paper4_2\simple_mlp_classification_models\simple_mlp_classifier_seed66.h5
5,normal,noisy_directly_classified,7,9.369459245277593,88,0.9496317727511836,0.9402985074626866,0.9587227414330218,0.9428133775848864,0.9587227414330218,0.9507015059853263,0.9495106244478542,3528,224,159,3693,4.9999999994785185,,D:\wangshuo\paper4_2\unet_7block_combined_models\unet_7block_combined_5dB_seed7.h5,D:\wangshuo\paper4_2\simple_mlp_classification_models\simple_mlp_classifier_seed88.h5
5,normal,noisy_directly_classified,7,9.369459245277593,100,0.9380589163598106,0.9224413646055437,0.9532710280373832,0.9265707797123391,0.9532710280373832,0.9397312859884837,0.9378561963214634,3461,291,180,3672,4.9999999994785185,,D:\wangshuo\paper4_2\unet_7block_combined_models\unet_7block_combined_5dB_seed7.h5,D:\wangshuo\paper4_2\simple_mlp_classification_models\simple_mlp_classifier_seed100.h5
5,normal,noisy_directly_classified,7,9.369459245277593,123,0.9256970015781167,0.9253731343283582,0.92601246105919,0.927216012477255,0.92601246105919,0.92661384595402,0.9256927976937741,3472,280,285,3567,4.9999999994785185,,D:\wangshuo\paper4_2\unet_7block_combined_models\unet_7block_combined_5dB_seed7.h5,D:\wangshuo\paper4_2\simple_mlp_classification_models\simple_mlp_classifier_seed123.h5
5,normal,noisy_directly_classified,7,9.369459245277593,256,0.9200420831141505,0.9072494669509595,0.9325025960539979,0.9116751269035533,0.9325025960539979,0.9219712525667351,0.9198760315024788,3404,348,260,3592,4.9999999994785185,,D:\wangshuo\paper4_2\unet_7block_combined_models\unet_7block_combined_5dB_seed7.h5,D:\wangshuo\paper4_2\simple_mlp_classification_models\simple_mlp_classifier_seed256.h5
5,normal,noisy_directly_classified,7,9.369459245277593,512,0.9310889005786428,0.9189765458422174,0.9428868120456906,0.9227642276422764,0.9428868120456906,0.9327170005136107,0.930931678943954,3448,304,220,3632,4.9999999994785185,,D:\wangshuo\paper4_2\unet_7block_combined_models\unet_7block_combined_5dB_seed7.h5,D:\wangshuo\paper4_2\simple_mlp_classification_models\simple_mlp_classifier_seed512.h5
5,normal,noisy_directly_classified,7,9.369459245277593,2024,0.9379274066280905,0.9331023454157783,0.9426272066458983,0.9353426069036579,0.9426272066458983,0.938970778381174,0.9378647760308383,3501,251,221,3631,4.9999999994785185,,D:\wangshuo\paper4_2\unet_7block_combined_models\unet_7block_combined_5dB_seed7.h5,D:\wangshuo\paper4_2\simple_mlp_classification_models\simple_mlp_classifier_seed2024.h5
5,truck,denoised_then_classified,7,9.369459245277593,7,0.9433193056286165,0.9693496801705757,0.9179646936656283,0.968501780334155,0.9179646936656283,0.9425563108090097,0.943657186918102,3637,115,316,3536,5.000000001650252,8.24028949916371,D:\wangshuo\paper4_2\unet_7block_combined_models\unet_7block_combined_5dB_seed7.h5,D:\wangshuo\paper4_2\simple_mlp_classification_models\simple_mlp_classifier_seed7.h5
5,truck,denoised_then_classified,7,9.369459245277593,19,0.9467385586533403,0.9698827292110874,0.9241952232606438,0.9692349578001633,0.9241952232606438,0.9461794019933555,0.9470389762358656,3639,113,292,3560,5.000000001650252,8.24028949916371,D:\wangshuo\paper4_2\unet_7block_combined_models\unet_7block_combined_5dB_seed7.h5,D:\wangshuo\paper4_2\simple_mlp_classification_models\simple_mlp_classifier_seed19.h5
5,truck,denoised_then_classified,7,9.369459245277593,42,0.9395055234087323,0.9720149253731343,0.907840083073728,0.9708495280399778,0.907840083073728,0.9382881674268849,0.9399275042234312,3647,105,355,3497,5.000000001650252,8.24028949916371,D:\wangshuo\paper4_2\unet_7block_combined_models\unet_7block_combined_5dB_seed7.h5,D:\wangshuo\paper4_2\simple_mlp_classification_models\simple_mlp_classifier_seed42.h5
5,truck,denoised_then_classified,7,9.369459245277593,66,0.9506838506049448,0.974680170575693,0.9273104880581516,0.9740932642487047,0.9273104880581516,0.9501263465886421,0.9509953293169223,3657,95,280,3572,5.000000001650252,8.24028949916371,D:\wangshuo\paper4_2\unet_7block_combined_models\unet_7block_combined_5dB_seed7.h5,D:\wangshuo\paper4_2\simple_mlp_classification_models\simple_mlp_classifier_seed66.h5
5,truck,denoised_then_classified,7,9.369459245277593,88,0.9475276170436613,0.9698827292110874,0.9257528556593977,0.9692851318293014,0.9257528556593977,0.9470189881821803,0.9478177924352426,3639,113,286,3566,5.000000001650252,8.24028949916371,D:\wangshuo\paper4_2\unet_7block_combined_models\unet_7block_combined_5dB_seed7.h5,D:\wangshuo\paper4_2\simple_mlp_classification_models\simple_mlp_classifier_seed88.h5
5,truck,denoised_then_classified,7,9.369459245277593,100,0.945554971067859,0.9720149253731343,0.9197819314641744,0.9712171052631579,0.9197819314641744,0.9448,0.9458984284186543,3647,105,309,3543,5.000000001650252,8.24028949916371,D:\wangshuo\paper4_2\unet_7block_combined_models\unet_7block_combined_5dB_seed7.h5,D:\wangshuo\paper4_2\simple_mlp_classification_models\simple_mlp_classifier_seed100.h5
5,truck,denoised_then_classified,7,9.369459245277593,123,0.9385849552866912,0.9698827292110874,0.9080996884735203,0.9687067294378289,0.9080996884735203,0.937424628165617,0.9389912088423038,3639,113,354,3498,5.000000001650252,8.24028949916371,D:\wangshuo\paper4_2\unet_7block_combined_models\unet_7block_combined_5dB_seed7.h5,D:\wangshuo\paper4_2\simple_mlp_classification_models\simple_mlp_classifier_seed123.h5
5,truck,denoised_then_classified,7,9.369459245277593,256,0.9397685428721725,0.9674840085287847,0.9127725856697819,0.9664650907091809,0.9127725856697819,0.9388518024032043,0.9401282970992832,3630,122,336,3516,5.000000001650252,8.24028949916371,D:\wangshuo\paper4_2\unet_7block_combined_models\unet_7block_combined_5dB_seed7.h5,D:\wangshuo\paper4_2\simple_mlp_classification_models\simple_mlp_classifier_seed256.h5
5,truck,denoised_then_classified,7,9.369459245277593,512,0.945554971067859,0.9696162046908315,0.9221183800623053,0.9689034369885434,0.9221183800623053,0.9449321628092577,0.9458672923765684,3638,114,300,3552,5.000000001650252,8.24028949916371,D:\wangshuo\paper4_2\unet_7block_combined_models\unet_7block_combined_5dB_seed7.h5,D:\wangshuo\paper4_2\simple_mlp_classification_models\simple_mlp_classifier_seed512.h5
5,truck,denoised_then_classified,7,9.369459245277593,2024,0.9454234613361389,0.9722814498933902,0.9192627206645898,0.9714677640603566,0.9192627206645898,0.9446445244764573,0.9457720852789899,3648,104,311,3541,5.000000001650252,8.24028949916371,D:\wangshuo\paper4_2\unet_7block_combined_models\unet_7block_combined_5dB_seed7.h5,D:\wangshuo\paper4_2\simple_mlp_classification_models\simple_mlp_classifier_seed2024.h5
5,truck,noisy_directly_classified,7,9.369459245277593,7,0.9305628616517623,0.8992537313432836,0.9610591900311527,0.9073529411764706,0.9610591900311527,0.9334341906202723,0.9301564606872181,3374,378,150,3702,5.000000001650252,,D:\wangshuo\paper4_2\unet_7block_combined_models\unet_7block_combined_5dB_seed7.h5,D:\wangshuo\paper4_2\simple_mlp_classification_models\simple_mlp_classifier_seed7.h5
5,truck,noisy_directly_classified,7,9.369459245277593,19,0.9350341925302472,0.9064498933901919,0.9628764278296988,0.9135467980295566,0.9628764278296988,0.9375631951466128,0.9346631606099454,3401,351,143,3709,5.000000001650252,,D:\wangshuo\paper4_2\unet_7block_combined_models\unet_7block_combined_5dB_seed7.h5,D:\wangshuo\paper4_2\simple_mlp_classification_models\simple_mlp_classifier_seed19.h5
5,truck,noisy_directly_classified,7,9.369459245277593,42,0.931220410310363,0.9032515991471215,0.9584631360332295,0.9104808877928483,0.9584631360332295,0.9338560768938915,0.9308573675901755,3389,363,160,3692,5.000000001650252,,D:\wangshuo\paper4_2\unet_7block_combined_models\unet_7block_combined_5dB_seed7.h5,D:\wangshuo\paper4_2\simple_mlp_classification_models\simple_mlp_classifier_seed42.h5
5,truck,noisy_directly_classified,7,9.369459245277593,66,0.9433193056286165,0.9091151385927505,0.9766355140186916,0.9168900804289544,0.9766355140186916,0.9458202388434946,0.942875326305721,3411,341,90,3762,5.000000001650252,,D:\wangshuo\paper4_2\unet_7block_combined_models\unet_7block_combined_5dB_seed7.h5,D:\wangshuo\paper4_2\simple_mlp_classification_models\simple_mlp_classifier_seed66.h5
5,truck,noisy_directly_classified,7,9.369459245277593,88,0.9427932667017359,0.9160447761194029,0.9688473520249221,0.9221645663454411,0.9688473520249221,0.9449297379415116,0.9424460640721626,3437,315,120,3732,5.000000001650252,,D:\wangshuo\paper4_2\unet_7block_combined_models\unet_7block_combined_5dB_seed7.h5,D:\wangshuo\paper4_2\simple_mlp_classification_models\simple_mlp_classifier_seed88.h5
5,truck,noisy_directly_classified,7,9.369459245277593,100,0.9345081536033667,0.902452025586354,0.9657320872274143,0.9104258443465492,0.9657320872274143,0.9372637944066515,0.9340920564068842,3386,366,132,3720,5.000000001650252,,D:\wangshuo\paper4_2\unet_7block_combined_models\unet_7block_combined_5dB_seed7.h5,D:\wangshuo\paper4_2\simple_mlp_classification_models\simple_mlp_classifier_seed100.h5
5,truck,noisy_directly_classified,7,9.369459245277593,123,0.9317464492372436,0.9021855010660981,0.960539979231568,0.9097614949594296,0.960539979231568,0.9344614218967041,0.931362740148833,3385,367,152,3700,5.000000001650252,,D:\wangshuo\paper4_2\unet_7block_combined_models\unet_7block_combined_5dB_seed7.h5,D:\wangshuo\paper4_2\simple_mlp_classification_models\simple_mlp_classifier_seed123.h5
5,truck,noisy_directly_classified,7,9.369459245277593,256,0.9327985270910047,0.900319829424307,0.9644340602284528,0.9085350941550502,0.9644340602284528,0.9356504218612266,0.9323769448263799,3378,374,137,3715,5.000000001650252,,D:\wangshuo\paper4_2\unet_7block_combined_models\unet_7block_combined_5dB_seed7.h5,D:\wangshuo\paper4_2\simple_mlp_classification_models\simple_mlp_classifier_seed256.h5
5,truck,noisy_directly_classified,7,9.369459245277593,512,0.9367438190426092,0.9091151385927505,0.9636552440290758,0.9158647915124599,0.9636552440290758,0.9391524351676155,0.9363851913109131,3411,341,140,3712,5.000000001650252,,D:\wangshuo\paper4_2\unet_7block_combined_models\unet_7block_combined_5dB_seed7.h5,D:\wangshuo\paper4_2\simple_mlp_classification_models\simple_mlp_classifier_seed512.h5
5,truck,noisy_directly_classified,7,9.369459245277593,2024,0.941083640189374,0.9128464818763327,0.9685877466251298,0.9194184327254805,0.9685877466251298,0.9433628318584071,0.9407171142507312,3425,327,121,3731,5.000000001650252,,D:\wangshuo\paper4_2\unet_7block_combined_models\unet_7block_combined_5dB_seed7.h5,D:\wangshuo\paper4_2\simple_mlp_classification_models\simple_mlp_classifier_seed2024.h5
10,normal,denoised_then_classified,7,13.078912368630329,7,0.9638348237769595,0.978411513859275,0.9496365524402908,0.9783364535972185,0.9496365524402908,0.9637728889474377,0.9640240331497829,3671,81,194,3658,10.000000004225093,12.092860843440986,D:\wangshuo\paper4_2\unet_7block_combined_models\unet_7block_combined_10dB_seed7.h5,D:\wangshuo\paper4_2\simple_mlp_classification_models\simple_mlp_classifier_seed7.h5
10,normal,denoised_then_classified,7,13.078912368630329,19,0.966991057338243,0.9813432835820896,0.9530114226375909,0.9812884255546646,0.9530114226375909,0.9669432371921507,0.9671773531098402,3682,70,181,3671,10.000000004225093,12.092860843440986,D:\wangshuo\paper4_2\unet_7block_combined_models\unet_7block_combined_10dB_seed7.h5,D:\wangshuo\paper4_2\simple_mlp_classification_models\simple_mlp_classifier_seed19.h5
10,normal,denoised_then_classified,7,13.078912368630329,42,0.9593634928984744,0.9829424307036247,0.9363966770508827,0.9825660582947425,0.9363966770508827,0.958925960388143,0.9596695538772537,3688,64,245,3607,10.000000004225093,12.092860843440986,D:\wangshuo\paper4_2\unet_7block_combined_models\unet_7block_combined_10dB_seed7.h5,D:\wangshuo\paper4_2\simple_mlp_classification_models\simple_mlp_classifier_seed42.h5
10,normal,denoised_then_classified,7,13.078912368630329,66,0.9677801157285639,0.9866737739872068,0.9493769470404985,0.9865120043161586,0.9493769470404985,0.9675883053313931,0.9680253605138527,3702,50,195,3657,10.000000004225093,12.092860843440986,D:\wangshuo\paper4_2\unet_7block_combined_models\unet_7block_combined_10dB_seed7.h5,D:\wangshuo\paper4_2\simple_mlp_classification_models\simple_mlp_classifier_seed66.h5
10,normal,denoised_then_classified,7,13.078912368630329,88,0.9604155707522357,0.9789445628997868,0.942367601246106,0.9787004583445673,0.942367601246106,0.9601904509985452,0.9606560820729464,3673,79,222,3630,10.000000004225093,12.092860843440986,D:\wangshuo\paper4_2\unet_7block_combined_models\unet_7block_combined_10dB_seed7.h5,D:\wangshuo\paper4_2\simple_mlp_classification_models\simple_mlp_classifier_seed88.h5
10,normal,denoised_then_classified,7,13.078912368630329,100,0.9672540768016833,0.988272921108742,0.9467808930425753,0.9880791113519372,0.9467808930425753,0.9669892615670158,0.9675269070756587,3708,44,205,3647,10.000000004225093,12.092860843440986,D:\wangshuo\paper4_2\unet_7block_combined_models\unet_7block_combined_10dB_seed7.h5,D:\wangshuo\paper4_2\simple_mlp_classification_models\simple_mlp_classifier_seed100.h5
10,normal,denoised_then_classified,7,13.078912368630329,123,0.9597580220936349,0.9826759061833689,0.9374350986500519,0.9823177366702938,0.9374350986500519,0.9593517534537725,0.9600555024167103,3687,65,241,3611,10.000000004225093,12.092860843440986,D:\wangshuo\paper4_2\unet_7block_combined_models\unet_7block_combined_10dB_seed7.h5,D:\wangshuo\paper4_2\simple_mlp_classification_models\simple_mlp_classifier_seed123.h5
10,normal,denoised_then_classified,7,13.078912368630329,256,0.9597580220936349,0.978411513859275,0.9415887850467289,0.9781553398058253,0.9415887850467289,0.9595238095238096,0.9600001494530019,3671,81,225,3627,10.000000004225093,12.092860843440986,D:\wangshuo\paper4_2\unet_7block_combined_models\unet_7block_combined_10dB_seed7.h5,D:\wangshuo\paper4_2\simple_mlp_classification_models\simple_mlp_classifier_seed256.h5
10,normal,denoised_then_classified,7,13.078912368630329,512,0.9619936875328774,0.9789445628997868,0.9454828660436138,0.9787691480784735,0.9454828660436138,0.9618381090717021,0.9622137144717002,3673,79,210,3642,10.000000004225093,12.092860843440986,D:\wangshuo\paper4_2\unet_7block_combined_models\unet_7block_combined_10dB_seed7.h5,D:\wangshuo\paper4_2\simple_mlp_classification_models\simple_mlp_classifier_seed512.h5
10,normal,denoised_then_classified,7,13.078912368630329,2024,0.9597580220936349,0.9856076759061834,0.9345794392523364,0.9852216748768473,0.9345794392523364,0.9592326139088729,0.96009355757926,3698,54,252,3600,10.000000004225093,12.092860843440986,D:\wangshuo\paper4_2\unet_7block_combined_models\unet_7block_combined_10dB_seed7.h5,D:\wangshuo\paper4_2\simple_mlp_classification_models\simple_mlp_classifier_seed2024.h5
10,normal,noisy_directly_classified,7,13.078912368630329,7,0.9609416096791162,0.9592217484008528,0.9626168224299065,0.9603729603729604,0.9626168224299065,0.9614935822637106,0.9609192854153796,3599,153,144,3708,10.000000004225093,,D:\wangshuo\paper4_2\unet_7block_combined_models\unet_7block_combined_10dB_seed7.h5,D:\wangshuo\paper4_2\simple_mlp_classification_models\simple_mlp_classifier_seed7.h5
10,normal,noisy_directly_classified,7,13.078912368630329,19,0.9673855865334035,0.9642857142857143,0.9704049844236761,0.9653925619834711,0.9704049844236761,0.967892283790782,0.9673453493546952,3618,134,114,3738,10.000000004225093,,D:\wangshuo\paper4_2\unet_7block_combined_models\unet_7block_combined_10dB_seed7.h5,D:\wangshuo\paper4_2\simple_mlp_classification_models\simple_mlp_classifier_seed19.h5
10,normal,noisy_directly_classified,7,13.078912368630329,42,0.9589689637033141,0.9626865671641791,0.9553478712357217,0.9633507853403142,0.9553478712357217,0.959332638164755,0.9590172191999504,3612,140,172,3680,10.000000004225093,,D:\wangshuo\paper4_2\unet_7block_combined_models\unet_7block_combined_10dB_seed7.h5,D:\wangshuo\paper4_2\simple_mlp_classification_models\simple_mlp_classifier_seed42.h5
10,normal,noisy_directly_classified,7,13.078912368630329,66,0.9687006838506049,0.9674840085287847,0.9698857736240913,0.9683773976153447,0.9698857736240913,0.9691309987029831,0.9686848910764381,3630,122,116,3736,10.000000004225093,,D:\wangshuo\paper4_2\unet_7block_combined_models\unet_7block_combined_10dB_seed7.h5,D:\wangshuo\paper4_2\simple_mlp_classification_models\simple_mlp_classifier_seed66.h5
10,normal,noisy_directly_classified,7,13.078912368630329,88,0.9679116254602841,0.966684434968017,0.9691069574247144,0.9675997926386729,0.9691069574247144,0.9683527885862516,0.9678956961963657,3627,125,119,3733,10.000000004225093,,D:\wangshuo\paper4_2\unet_7block_combined_models\unet_7block_combined_10dB_seed7.h5,D:\wangshuo\paper4_2\simple_mlp_classification_models\simple_mlp_classifier_seed88.h5
10,normal,noisy_directly_classified,7,13.078912368630329,100,0.9680431351920042,0.9672174840085288,0.9688473520249221,0.9680933852140078,0.9688473520249221,0.9684702218762165,0.9680324180167255,3629,123,120,3732,10.000000004225093,,D:\wangshuo\paper4_2\unet_7block_combined_models\unet_7block_combined_10dB_seed7.h5,D:\wangshuo\paper4_2\simple_mlp_classification_models\simple_mlp_classifier_seed100.h5
10,normal,noisy_directly_classified,7,13.078912368630329,123,0.9579168858495528,0.9632196162046909,0.9527518172377986,0.9637605042016807,0.9527518172377986,0.95822454308094,0.9579857167212447,3614,138,182,3670,10.000000004225093,,D:\wangshuo\paper4_2\unet_7block_combined_models\unet_7block_combined_10dB_seed7.h5,D:\wangshuo\paper4_2\simple_mlp_classification_models\simple_mlp_classifier_seed123.h5
10,normal,noisy_directly_classified,7,13.078912368630329,256,0.9573908469226723,0.957089552238806,0.9576843198338525,0.9581818181818181,0.9576843198338525,0.9579330044144378,0.9573869360363292,3591,161,163,3689,10.000000004225093,,D:\wangshuo\paper4_2\unet_7block_combined_models\unet_7block_combined_10dB_seed7.h5,D:\wangshuo\paper4_2\simple_mlp_classification_models\simple_mlp_classifier_seed256.h5
10,normal,noisy_directly_classified,7,13.078912368630329,512,0.9647553918990005,0.9650852878464818,0.9644340602284528,0.9659386375455018,0.9644340602284528,0.9651857625357235,0.9647596740374673,3621,131,137,3715,10.000000004225093,,D:\wangshuo\paper4_2\unet_7block_combined_models\unet_7block_combined_10dB_seed7.h5,D:\wangshuo\paper4_2\simple_mlp_classification_models\simple_mlp_classifier_seed512.h5
10,normal,noisy_directly_classified,7,13.078912368630329,2024,0.9594950026301946,0.964818763326226,0.9543094496365524,0.9653361344537815,0.9543094496365524,0.9597911227154047,0.9595641064813891,3620,132,176,3676,10.000000004225093,,D:\wangshuo\paper4_2\unet_7block_combined_models\unet_7block_combined_10dB_seed7.h5,D:\wangshuo\paper4_2\simple_mlp_classification_models\simple_mlp_classifier_seed2024.h5
10,truck,denoised_then_classified,7,13.078912368630329,7,0.9629142556549185,0.9757462686567164,0.9504153686396677,0.9757462686567164,0.9504153686396677,0.9629142556549185,0.9630808186481921,3661,91,191,3661,10.000000000147917,11.969154115870383,D:\wangshuo\paper4_2\unet_7block_combined_models\unet_7block_combined_10dB_seed7.h5,D:\wangshuo\paper4_2\simple_mlp_classification_models\simple_mlp_classifier_seed7.h5
10,truck,denoised_then_classified,7,13.078912368630329,19,0.963440294581799,0.9768123667377399,0.9504153686396677,0.9767876200640342,0.9504153686396677,0.963421052631579,0.9636138676887038,3665,87,191,3661,10.000000000147917,11.969154115870383,D:\wangshuo\paper4_2\unet_7block_combined_models\unet_7block_combined_10dB_seed7.h5,D:\wangshuo\paper4_2\simple_mlp_classification_models\simple_mlp_classifier_seed19.h5
10,truck,denoised_then_classified,7,13.078912368630329,42,0.9598895318253551,0.9808102345415778,0.9395119418483905,0.9804930913031699,0.9395119418483905,0.9595651597507623,0.9601610881949841,3680,72,233,3619,10.000000000147917,11.969154115870383,D:\wangshuo\paper4_2\unet_7block_combined_models\unet_7block_combined_10dB_seed7.h5,D:\wangshuo\paper4_2\simple_mlp_classification_models\simple_mlp_classifier_seed42.h5
10,truck,denoised_then_classified,7,13.078912368630329,66,0.966991057338243,0.9832089552238806,0.9511941848390446,0.9830963241212771,0.9511941848390446,0.9668821744293442,0.9672015700314627,3689,63,188,3664,10.000000000147917,11.969154115870383,D:\wangshuo\paper4_2\unet_7block_combined_models\unet_7block_combined_10dB_seed7.h5,D:\wangshuo\paper4_2\simple_mlp_classification_models\simple_mlp_classifier_seed66.h5
10,truck,denoised_then_classified,7,13.078912368630329,88,0.9597580220936349,0.9781449893390192,0.9418483904465212,0.9778975741239893,0.9418483904465212,0.9595345146786565,0.9599966898927702,3670,82,224,3628,10.000000000147917,11.969154115870383,D:\wangshuo\paper4_2\unet_7block_combined_models\unet_7block_combined_10dB_seed7.h5,D:\wangshuo\paper4_2\simple_mlp_classification_models\simple_mlp_classifier_seed88.h5
10,truck,denoised_then_classified,7,13.078912368630329,100,0.9618621778011572,0.9853411513859275,0.9389927310488058,0.9850217864923747,0.9389927310488058,0.9614566719829878,0.9621669412173666,3697,55,235,3617,10.000000000147917,11.969154115870383,D:\wangshuo\paper4_2\unet_7block_combined_models\unet_7block_combined_10dB_seed7.h5,D:\wangshuo\paper4_2\simple_mlp_classification_models\simple_mlp_classifier_seed100.h5
10,truck,denoised_then_classified,7,13.078912368630329,123,0.9601525512887954,0.9797441364605544,0.9410695742471443,0.9794650094569035,0.9410695742471443,0.9598834900039719,0.9604068553538494,3676,76,227,3625,10.000000000147917,11.969154115870383,D:\wangshuo\paper4_2\unet_7block_combined_models\unet_7block_combined_10dB_seed7.h5,D:\wangshuo\paper4_2\simple_mlp_classification_models\simple_mlp_classifier_seed123.h5
10,truck,denoised_then_classified,7,13.078912368630329,256,0.9598895318253551,0.9762793176972282,0.9439252336448598,0.9761073825503356,0.9439252336448598,0.9597466015573446,0.960102275671044,3663,89,216,3636,10.000000000147917,11.969154115870383,D:\wangshuo\paper4_2\unet_7block_combined_models\unet_7block_combined_10dB_seed7.h5,D:\wangshuo\paper4_2\simple_mlp_classification_models\simple_mlp_classifier_seed256.h5
10,truck,denoised_then_classified,7,13.078912368630329,512,0.9618621778011572,0.9786780383795309,0.9454828660436138,0.9785061794734013,0.9454828660436138,0.9617111169791391,0.9620804522115723,3672,80,210,3642,10.000000000147917,11.969154115870383,D:\wangshuo\paper4_2\unet_7block_combined_models\unet_7block_combined_10dB_seed7.h5,D:\wangshuo\paper4_2\simple_mlp_classification_models\simple_mlp_classifier_seed512.h5
10,truck,denoised_then_classified,7,13.078912368630329,2024,0.9579168858495528,0.9792110874200426,0.9371754932502596,0.9788503253796096,0.9371754932502596,0.9575596816976127,0.9581932903351511,3674,78,242,3610,10.000000000147917,11.969154115870383,D:\wangshuo\paper4_2\unet_7block_combined_models\unet_7block_combined_10dB_seed7.h5,D:\wangshuo\paper4_2\simple_mlp_classification_models\simple_mlp_classifier_seed2024.h5
10,truck,noisy_directly_classified,7,13.078912368630329,7,0.9605470804839558,0.9514925373134329,0.9693665628245067,0.9535240040858018,0.9693665628245067,0.9613800205973223,0.9604295500689698,3570,182,118,3734,10.000000000147917,,D:\wangshuo\paper4_2\unet_7block_combined_models\unet_7block_combined_10dB_seed7.h5,D:\wangshuo\paper4_2\simple_mlp_classification_models\simple_mlp_classifier_seed7.h5
10,truck,noisy_directly_classified,7,13.078912368630329,19,0.9609416096791162,0.9509594882729211,0.9706645898234684,0.9530971195513638,0.9706645898234684,0.9618006430868167,0.9608120390481947,3568,184,113,3739,10.000000000147917,,D:\wangshuo\paper4_2\unet_7block_combined_models\unet_7block_combined_10dB_seed7.h5,D:\wangshuo\paper4_2\simple_mlp_classification_models\simple_mlp_classifier_seed19.h5
10,truck,noisy_directly_classified,7,13.078912368630329,42,0.9606785902156759,0.9536247334754797,0.9675493250259606,0.9553960522942835,0.9675493250259606,0.9614342835031601,0.9605870292507201,3578,174,125,3727,10.000000000147917,,D:\wangshuo\paper4_2\unet_7block_combined_models\unet_7block_combined_10dB_seed7.h5,D:\wangshuo\paper4_2\simple_mlp_classification_models\simple_mlp_classifier_seed42.h5
10,truck,noisy_directly_classified,7,13.078912368630329,66,0.9656759600210415,0.9584221748400853,0.9727414330218068,0.9600307455803229,0.9727414330218068,0.9663442940038685,0.9655818039309461,3596,156,105,3747,10.000000000147917,,D:\wangshuo\paper4_2\unet_7block_combined_models\unet_7block_combined_10dB_seed7.h5,D:\wangshuo\paper4_2\simple_mlp_classification_models\simple_mlp_classifier_seed66.h5
10,truck,noisy_directly_classified,7,13.078912368630329,88,0.9606785902156759,0.954957356076759,0.9662512980269989,0.9565664353636597,0.9662512980269989,0.9613844763011753,0.9606043270518789,3583,169,130,3722,10.000000000147917,,D:\wangshuo\paper4_2\unet_7block_combined_models\unet_7block_combined_10dB_seed7.h5,D:\wangshuo\paper4_2\simple_mlp_classification_models\simple_mlp_classifier_seed88.h5
10,truck,noisy_directly_classified,7,13.078912368630329,100,0.9601525512887954,0.9541577825159915,0.9659916926272066,0.9558181351143077,0.9659916926272066,0.9608779857972886,0.960074737571599,3580,172,131,3721,10.000000000147917,,D:\wangshuo\paper4_2\unet_7block_combined_models\unet_7block_combined_10dB_seed7.h5,D:\wangshuo\paper4_2\simple_mlp_classification_models\simple_mlp_classifier_seed100.h5
10,truck,noisy_directly_classified,7,13.078912368630329,123,0.9581799053129931,0.9506929637526652,0.965472481827622,0.9526127049180327,0.965472481827622,0.9589994842702424,0.9580827227901436,3567,185,133,3719,10.000000000147917,,D:\wangshuo\paper4_2\unet_7block_combined_models\unet_7block_combined_10dB_seed7.h5,D:\wangshuo\paper4_2\simple_mlp_classification_models\simple_mlp_classifier_seed123.h5
10,truck,noisy_directly_classified,7,13.078912368630329,256,0.9602840610205156,0.9506929637526652,0.969626168224299,0.9528061224489796,0.969626168224299,0.9611425630468348,0.9601595659884821,3567,185,117,3735,10.000000000147917,,D:\wangshuo\paper4_2\unet_7block_combined_models\unet_7block_combined_10dB_seed7.h5,D:\wangshuo\paper4_2\simple_mlp_classification_models\simple_mlp_classifier_seed256.h5
10,truck,noisy_directly_classified,7,13.078912368630329,512,0.962519726459758,0.9544243070362474,0.9704049844236761,0.9562547966231773,0.9704049844236761,0.9632779281020487,0.9624146457299617,3581,171,114,3738,10.000000000147917,,D:\wangshuo\paper4_2\unet_7block_combined_models\unet_7block_combined_10dB_seed7.h5,D:\wangshuo\paper4_2\simple_mlp_classification_models\simple_mlp_classifier_seed512.h5
10,truck,noisy_directly_classified,7,13.078912368630329,2024,0.9593634928984744,0.9533582089552238,0.9652128764278297,0.9550475211918829,0.9652128764278297,0.9601032924467399,0.9592855426915268,3577,175,134,3718,10.000000000147917,,D:\wangshuo\paper4_2\unet_7block_combined_models\unet_7block_combined_10dB_seed7.h5,D:\wangshuo\paper4_2\simple_mlp_classification_models\simple_mlp_classifier_seed2024.h5
15,normal,denoised_then_classified,7,15.769549407049498,7,0.9673855865334035,0.9738805970149254,0.9610591900311527,0.9742105263157895,0.9610591900311527,0.9675901725039205,0.967469893523039,3654,98,150,3702,14.999999997270923,15.349778801806437,D:\wangshuo\paper4_2\unet_7block_combined_models\unet_7block_combined_15dB_seed7.h5,D:\wangshuo\paper4_2\simple_mlp_classification_models\simple_mlp_classifier_seed7.h5
15,normal,denoised_then_classified,7,15.769549407049498,19,0.9713308784850079,0.9762793176972282,0.9665109034267912,0.9766526757607555,0.9665109034267912,0.9715553235908142,0.9713951105620098,3663,89,129,3723,14.999999997270923,15.349778801806437,D:\wangshuo\paper4_2\unet_7block_combined_models\unet_7block_combined_15dB_seed7.h5,D:\wangshuo\paper4_2\simple_mlp_classification_models\simple_mlp_classifier_seed19.h5
15,normal,denoised_then_classified,7,15.769549407049498,42,0.9640978432403998,0.9786780383795309,0.9498961578400831,0.9786039047873764,0.9498961578400831,0.9640363588460018,0.9642870981098071,3672,80,193,3659,14.999999997270923,15.349778801806437,D:\wangshuo\paper4_2\unet_7block_combined_models\unet_7block_combined_15dB_seed7.h5,D:\wangshuo\paper4_2\simple_mlp_classification_models\simple_mlp_classifier_seed42.h5
15,normal,denoised_then_classified,7,15.769549407049498,66,0.970541820094687,0.9768123667377399,0.9644340602284528,0.9771173066806944,0.9644340602284528,0.9707342565978573,0.9706232134830963,3665,87,137,3715,14.999999997270923,15.349778801806437,D:\wangshuo\paper4_2\unet_7block_combined_models\unet_7block_combined_15dB_seed7.h5,D:\wangshuo\paper4_2\simple_mlp_classification_models\simple_mlp_classifier_seed66.h5
15,normal,denoised_then_classified,7,15.769549407049498,88,0.9676486059968438,0.9754797441364605,0.9600207684319834,0.9757255936675462,0.9600207684319834,0.9678094739596964,0.967750256284222,3660,92,154,3698,14.999999997270923,15.349778801806437,D:\wangshuo\paper4_2\unet_7block_combined_models\unet_7block_combined_15dB_seed7.h5,D:\wangshuo\paper4_2\simple_mlp_classification_models\simple_mlp_classifier_seed88.h5
15,normal,denoised_then_classified,7,15.769549407049498,100,0.9701472908995266,0.9802771855010661,0.9602803738317757,0.9803869599787968,0.9602803738317757,0.9702295081967213,0.970278779666421,3678,74,153,3699,14.999999997270923,15.349778801806437,D:\wangshuo\paper4_2\unet_7block_combined_models\unet_7block_combined_15dB_seed7.h5,D:\wangshuo\paper4_2\simple_mlp_classification_models\simple_mlp_classifier_seed100.h5
15,normal,denoised_then_classified,7,15.769549407049498,123,0.9650184113624408,0.9760127931769723,0.9543094496365524,0.9761019649495486,0.9543094496365524,0.9650826988710948,0.9651611214067624,3662,90,176,3676,14.999999997270923,15.349778801806437,D:\wangshuo\paper4_2\unet_7block_combined_models\unet_7block_combined_15dB_seed7.h5,D:\wangshuo\paper4_2\simple_mlp_classification_models\simple_mlp_classifier_seed123.h5
15,normal,denoised_then_classified,7,15.769549407049498,256,0.9648869016307207,0.9738805970149254,0.9561266874350987,0.9740809309706426,0.9561266874350987,0.9650203065636054,0.965003642225012,3654,98,169,3683,14.999999997270923,15.349778801806437,D:\wangshuo\paper4_2\unet_7block_combined_models\unet_7block_combined_15dB_seed7.h5,D:\wangshuo\paper4_2\simple_mlp_classification_models\simple_mlp_classifier_seed256.h5
15,normal,denoised_then_classified,7,15.769549407049498,512,0.9681746449237244,0.976545842217484,0.9600207684319834,0.97675647120972,0.9600207684319834,0.9683163131709872,0.9682833053247337,3664,88,154,3698,14.999999997270923,15.349778801806437,D:\wangshuo\paper4_2\unet_7block_combined_models\unet_7block_combined_15dB_seed7.h5,D:\wangshuo\paper4_2\simple_mlp_classification_models\simple_mlp_classifier_seed512.h5
15,normal,denoised_then_classified,7,15.769549407049498,2024,0.9609416096791162,0.9728144989339019,0.9493769470404985,0.9728651237031125,0.9493769470404985,0.9609775325187229,0.9610957229872001,3650,102,195,3657,14.999999997270923,15.349778801806437,D:\wangshuo\paper4_2\unet_7block_combined_models\unet_7block_combined_15dB_seed7.h5,D:\wangshuo\paper4_2\simple_mlp_classification_models\simple_mlp_classifier_seed2024.h5
15,normal,noisy_directly_classified,7,15.769549407049498,7,0.9718569174118885,0.9728144989339019,0.9709241952232607,0.9734513274336283,0.9709241952232607,0.9721861190538081,0.9718693470785813,3650,102,112,3740,14.999999997270923,,D:\wangshuo\paper4_2\unet_7block_combined_models\unet_7block_combined_15dB_seed7.h5,D:\wangshuo\paper4_2\simple_mlp_classification_models\simple_mlp_classifier_seed7.h5
15,normal,noisy_directly_classified,7,15.769549407049498,19,0.9752761704366123,0.9744136460554371,0.9761163032191069,0.975103734439834,0.9761163032191069,0.975609756097561,0.975264974637272,3656,96,92,3760,14.999999997270923,,D:\wangshuo\paper4_2\unet_7block_combined_models\unet_7block_combined_15dB_seed7.h5,D:\wangshuo\paper4_2\simple_mlp_classification_models\simple_mlp_classifier_seed19.h5
15,normal,noisy_directly_classified,7,15.769549407049498,42,0.9702788006312467,0.9781449893390192,0.9626168224299065,0.9783641160949869,0.9626168224299065,0.9704265898979325,0.9703809058844628,3670,82,144,3708,14.999999997270923,,D:\wangshuo\paper4_2\unet_7block_combined_models\unet_7block_combined_15dB_seed7.h5,D:\wangshuo\paper4_2\simple_mlp_classification_models\simple_mlp_classifier_seed42.h5
15,normal,noisy_directly_classified,7,15.769549407049498,66,0.9761967385586533,0.9770788912579957,0.97533748701973,0.9776216497527973,0.97533748701973,0.9764782326185835,0.9762081891388629,3666,86,95,3757,14.999999997270923,,D:\wangshuo\paper4_2\unet_7block_combined_models\unet_7block_combined_15dB_seed7.h5,D:\wangshuo\paper4_2\simple_mlp_classification_models\simple_mlp_classifier_seed66.h5
15,normal,noisy_directly_classified,7,15.769549407049498,88,0.9719884271436087,0.9752132196162047,0.9688473520249221,0.9756862745098039,0.9688473520249221,0.9722547870261821,0.9720302858205634,3659,93,120,3732,14.999999997270923,,D:\wangshuo\paper4_2\unet_7block_combined_models\unet_7block_combined_15dB_seed7.h5,D:\wangshuo\paper4_2\simple_mlp_classification_models\simple_mlp_classifier_seed88.h5
15,normal,noisy_directly_classified,7,15.769549407049498,100,0.9765912677538138,0.9797441364605544,0.9735202492211839,0.9801359121798223,0.9735202492211839,0.976816879395676,0.9766321928408691,3676,76,102,3750,14.999999997270923,,D:\wangshuo\paper4_2\unet_7block_combined_models\unet_7block_combined_15dB_seed7.h5,D:\wangshuo\paper4_2\simple_mlp_classification_models\simple_mlp_classifier_seed100.h5
15,normal,noisy_directly_classified,7,15.769549407049498,123,0.9692267227774856,0.974680170575693,0.9639148494288681,0.9750525210084033,0.9639148494288681,0.9694516971279373,0.9692975100022805,3657,95,139,3713,14.999999997270923,,D:\wangshuo\paper4_2\unet_7block_combined_models\unet_7block_combined_15dB_seed7.h5,D:\wangshuo\paper4_2\simple_mlp_classification_models\simple_mlp_classifier_seed123.h5
15,normal,noisy_directly_classified,7,15.769549407049498,256,0.9685691741188848,0.9717484008528785,0.965472481827622,0.9722875816993464,0.965472481827622,0.9688680474143546,0.9686104413402503,3646,106,133,3719,14.999999997270923,,D:\wangshuo\paper4_2\unet_7block_combined_models\unet_7block_combined_15dB_seed7.h5,D:\wangshuo\paper4_2\simple_mlp_classification_models\simple_mlp_classifier_seed256.h5
15,normal,noisy_directly_classified,7,15.769549407049498,512,0.9721199368753288,0.976545842217484,0.9678089304257529,0.9769392033542977,0.9678089304257529,0.9723526343244653,0.9721773863216184,3664,88,124,3728,14.999999997270923,,D:\wangshuo\paper4_2\unet_7block_combined_models\unet_7block_combined_15dB_seed7.h5,D:\wangshuo\paper4_2\simple_mlp_classification_models\simple_mlp_classifier_seed512.h5
15,normal,noisy_directly_classified,7,15.769549407049498,2024,0.9652814308258811,0.9720149253731343,0.9587227414330218,0.9723538704581358,0.9587227414330218,0.9654901960784313,0.9653688334030781,3647,105,159,3693,14.999999997270923,,D:\wangshuo\paper4_2\unet_7block_combined_models\unet_7block_combined_15dB_seed7.h5,D:\wangshuo\paper4_2\simple_mlp_classification_models\simple_mlp_classifier_seed2024.h5
15,truck,denoised_then_classified,7,15.769549407049498,7,0.9711993687532877,0.9728144989339019,0.969626168224299,0.9734167318217357,0.969626168224299,0.9715177526336325,0.9712203335791005,3650,102,117,3735,14.999999999469496,15.129103482787158,D:\wangshuo\paper4_2\unet_7block_combined_models\unet_7block_combined_15dB_seed7.h5,D:\wangshuo\paper4_2\simple_mlp_classification_models\simple_mlp_classifier_seed7.h5
15,truck,denoised_then_classified,7,15.769549407049498,19,0.9730405049973698,0.9736140724946695,0.9724818276220145,0.9742522756827048,0.9724818276220145,0.9733662465895804,0.973047950058342,3653,99,106,3746,14.999999999469496,15.129103482787158,D:\wangshuo\paper4_2\unet_7block_combined_models\unet_7block_combined_15dB_seed7.h5,D:\wangshuo\paper4_2\simple_mlp_classification_models\simple_mlp_classifier_seed19.h5
15,truck,denoised_then_classified,7,15.769549407049498,42,0.9708048395581274,0.9789445628997868,0.9628764278296988,0.9791446673706441,0.9628764278296988,0.9709424083769633,0.9709104953647428,3673,79,143,3709,14.999999999469496,15.129103482787158,D:\wangshuo\paper4_2\unet_7block_combined_models\unet_7block_combined_15dB_seed7.h5,D:\wangshuo\paper4_2\simple_mlp_classification_models\simple_mlp_classifier_seed42.h5
15,truck,denoised_then_classified,7,15.769549407049498,66,0.9751446607048921,0.976545842217484,0.9737798546209762,0.9770773638968482,0.9737798546209762,0.9754258223898062,0.9751628484192301,3664,88,101,3751,14.999999999469496,15.129103482787158,D:\wangshuo\paper4_2\unet_7block_combined_models\unet_7block_combined_15dB_seed7.h5,D:\wangshuo\paper4_2\simple_mlp_classification_models\simple_mlp_classifier_seed66.h5
15,truck,denoised_then_classified,7,15.769549407049498,88,0.9673855865334035,0.9736140724946695,0.961318795430945,0.9739610731194108,0.961318795430945,0.967598641233342,0.9674664339628072,3653,99,149,3703,14.999999999469496,15.129103482787158,D:\wangshuo\paper4_2\unet_7block_combined_models\unet_7block_combined_15dB_seed7.h5,D:\wangshuo\paper4_2\simple_mlp_classification_models\simple_mlp_classifier_seed88.h5
15,truck,denoised_then_classified,7,15.769549407049498,100,0.97317201472909,0.9813432835820896,0.9652128764278297,0.981520591341077,0.9652128764278297,0.9732984293193717,0.9732780800049596,3682,70,134,3718,14.999999999469496,15.129103482787158,D:\wangshuo\paper4_2\unet_7block_combined_models\unet_7block_combined_15dB_seed7.h5,D:\wangshuo\paper4_2\simple_mlp_classification_models\simple_mlp_classifier_seed100.h5
15,truck,denoised_then_classified,7,15.769549407049498,123,0.9697527617043661,0.9778784648187633,0.9618380062305296,0.9780887011615629,0.9618380062305296,0.9698952879581152,0.9698582355246465,3669,83,147,3705,14.999999999469496,15.129103482787158,D:\wangshuo\paper4_2\unet_7block_combined_models\unet_7block_combined_15dB_seed7.h5,D:\wangshuo\paper4_2\simple_mlp_classification_models\simple_mlp_classifier_seed123.h5
15,truck,denoised_then_classified,7,15.769549407049498,256,0.9710678590215676,0.9736140724946695,0.9685877466251298,0.9741514360313316,0.9685877466251298,0.9713616245769331,0.9711009095598997,3653,99,121,3731,14.999999999469496,15.129103482787158,D:\wangshuo\paper4_2\unet_7block_combined_models\unet_7block_combined_15dB_seed7.h5,D:\wangshuo\paper4_2\simple_mlp_classification_models\simple_mlp_classifier_seed256.h5
15,truck,denoised_then_classified,7,15.769549407049498,512,0.9706733298264072,0.9760127931769723,0.965472481827622,0.9763717511157785,0.965472481827622,0.9708915285210808,0.9707426375022972,3662,90,133,3719,14.999999999469496,15.129103482787158,D:\wangshuo\paper4_2\unet_7block_combined_models\unet_7block_combined_15dB_seed7.h5,D:\wangshuo\paper4_2\simple_mlp_classification_models\simple_mlp_classifier_seed512.h5
15,truck,denoised_then_classified,7,15.769549407049498,2024,0.9648869016307207,0.9741471215351812,0.9558670820353063,0.9743318338184705,0.9558670820353063,0.965011138776045,0.9650071017852437,3655,97,170,3682,14.999999999469496,15.129103482787158,D:\wangshuo\paper4_2\unet_7block_combined_models\unet_7block_combined_15dB_seed7.h5,D:\wangshuo\paper4_2\simple_mlp_classification_models\simple_mlp_classifier_seed2024.h5
15,truck,noisy_directly_classified,7,15.769549407049498,7,0.9726459758022094,0.9690831556503199,0.9761163032191069,0.9700722394220846,0.9761163032191069,0.9730848861283644,0.9725997294347134,3636,116,92,3760,14.999999999469496,,D:\wangshuo\paper4_2\unet_7block_combined_models\unet_7block_combined_15dB_seed7.h5,D:\wangshuo\paper4_2\simple_mlp_classification_models\simple_mlp_classifier_seed7.h5
15,truck,noisy_directly_classified,7,15.769549407049498,19,0.9748816412414518,0.9709488272921108,0.9787123572170301,0.9718999742201598,0.9787123572170301,0.9752942698227913,0.9748305922545705,3643,109,82,3770,14.999999999469496,,D:\wangshuo\paper4_2\unet_7block_combined_models\unet_7block_combined_15dB_seed7.h5,D:\wangshuo\paper4_2\simple_mlp_classification_models\simple_mlp_classifier_seed19.h5
15,truck,noisy_directly_classified,7,15.769549407049498,42,0.9751446607048921,0.9760127931769723,0.9742990654205608,0.9765807962529274,0.9742990654205608,0.9754385964912281,0.9751559292987666,3662,90,99,3753,14.999999999469496,,D:\wangshuo\paper4_2\unet_7block_combined_models\unet_7block_combined_15dB_seed7.h5,D:\wangshuo\paper4_2\simple_mlp_classification_models\simple_mlp_classifier_seed42.h5
15,truck,noisy_directly_classified,7,15.769549407049498,66,0.9775118358758548,0.974680170575693,0.980269989615784,0.975458537845518,0.980269989615784,0.9778583452026415,0.9774750800957386,3657,95,76,3776,14.999999999469496,,D:\wangshuo\paper4_2\unet_7block_combined_models\unet_7block_combined_15dB_seed7.h5,D:\wangshuo\paper4_2\simple_mlp_classification_models\simple_mlp_classifier_seed66.h5
15,truck,noisy_directly_classified,7,15.769549407049498,88,0.9680431351920042,0.9680170575692963,0.9680685358255452,0.9688230709275136,0.9680685358255452,0.9684456564082586,0.9680427966974208,3632,120,123,3729,14.999999999469496,,D:\wangshuo\paper4_2\unet_7block_combined_models\unet_7block_combined_15dB_seed7.h5,D:\wangshuo\paper4_2\simple_mlp_classification_models\simple_mlp_classifier_seed88.h5
15,truck,noisy_directly_classified,7,15.769549407049498,100,0.9748816412414518,0.9762793176972282,0.9735202492211839,0.976816879395676,0.9735202492211839,0.975165778182291,0.974899783459206,3663,89,102,3750,14.999999999469496,,D:\wangshuo\paper4_2\unet_7block_combined_models\unet_7block_combined_15dB_seed7.h5,D:\wangshuo\paper4_2\simple_mlp_classification_models\simple_mlp_classifier_seed100.h5
15,truck,noisy_directly_classified,7,15.769549407049498,123,0.9736980536559705,0.974680170575693,0.9727414330218068,0.9752732951587715,0.9727414330218068,0.9740057187418768,0.9737108017987499,3657,95,105,3747,14.999999999469496,,D:\wangshuo\paper4_2\unet_7block_combined_models\unet_7block_combined_15dB_seed7.h5,D:\wangshuo\paper4_2\simple_mlp_classification_models\simple_mlp_classifier_seed123.h5
15,truck,noisy_directly_classified,7,15.769549407049498,256,0.9718569174118885,0.9677505330490405,0.9758566978193146,0.9688144329896907,0.9758566978193146,0.9723228142783239,0.9718036154341776,3631,121,93,3759,14.999999999469496,,D:\wangshuo\paper4_2\unet_7block_combined_models\unet_7block_combined_15dB_seed7.h5,D:\wangshuo\paper4_2\simple_mlp_classification_models\simple_mlp_classifier_seed256.h5
15,truck,noisy_directly_classified,7,15.769549407049498,512,0.9736980536559705,0.9728144989339019,0.9745586708203531,0.9735477178423236,0.9745586708203531,0.9740529320186819,0.9736865848771274,3650,102,98,3754,14.999999999469496,,D:\wangshuo\paper4_2\unet_7block_combined_models\unet_7block_combined_15dB_seed7.h5,D:\wangshuo\paper4_2\simple_mlp_classification_models\simple_mlp_classifier_seed512.h5
15,truck,noisy_directly_classified,7,15.769549407049498,2024,0.9697527617043661,0.9717484008528785,0.9678089304257529,0.9723526343244653,0.9678089304257529,0.9700754618787406,0.9697786656393157,3646,106,124,3728,14.999999999469496,,D:\wangshuo\paper4_2\unet_7block_combined_models\unet_7block_combined_15dB_seed7.h5,D:\wangshuo\paper4_2\simple_mlp_classification_models\simple_mlp_classifier_seed2024.h5
