input_snr_db,seed,blocks,best_epoch,best_val_loss,mean_val_snr,median_val_snr,min_val_snr,max_val_snr,la_normal_mean_snr,jian_normal_mean_snr,la_truck_mean_snr,jian_truck_mean_snr,model_path,history_path,train_samples,val_samples,training_time_seconds,training_time_minutes,training_time_hours,training_time_hms
0,7,7,64,0.0096508478745818,6.459885107599179,6.395937045250806,-0.7556846768105578,14.612505153555624,6.546510122293749,5.831918828593968,6.921783470473938,6.279114397296108,D:\wangshuo\paper4_2\unet_7block_combined_models\unet_7block_combined_0dB_seed7.h5,D:\wangshuo\paper4_2\unet_7block_combined_models\training_curve_7block_combined_0dB_seed7.txt,56518,6280,,,,
0,19,7,86,0.0057820971123874,6.382729388449752,6.276241705063329,0.0755785336469764,13.261356711700786,6.744922060111491,5.562524060833593,6.935411958149343,5.854052465012284,D:\wangshuo\paper4_2\unet_7block_combined_models\unet_7block_combined_0dB_seed19.h5,D:\wangshuo\paper4_2\unet_7block_combined_models\training_curve_7block_combined_0dB_seed19.txt,56518,6280,,,,
0,42,7,91,0.0059340051375329,6.028628191168146,5.932838471502418,-1.5436069329919813,13.53431940328638,6.594341199991574,5.341628790530968,6.6133491788361285,5.019440036694663,D:\wangshuo\paper4_2\unet_7block_combined_models\unet_7block_combined_0dB_seed42.h5,D:\wangshuo\paper4_2\unet_7block_combined_models\training_curve_7block_combined_0dB_seed42.txt,56518,6280,,,,
0,66,7,86,0.0069646658375859,6.436677491319527,6.373610509504951,-0.8140762089230171,15.274821193686504,6.718019406681411,5.362607989018311,7.242362833143002,5.908045655406551,D:\wangshuo\paper4_2\unet_7block_combined_models\unet_7block_combined_0dB_seed66.h5,D:\wangshuo\paper4_2\unet_7block_combined_models\training_curve_7block_combined_0dB_seed66.txt,56518,6280,,,,
0,88,7,98,0.0055671809241175,6.274570806361655,6.20980865798837,-0.3864843155068693,16.00309696967759,6.492687699199295,5.410779309183961,6.988313424078459,5.764438628009509,D:\wangshuo\paper4_2\unet_7block_combined_models\unet_7block_combined_0dB_seed88.h5,D:\wangshuo\paper4_2\unet_7block_combined_models\training_curve_7block_combined_0dB_seed88.txt,56518,6280,,,,
0,100,7,76,0.0031675526406615,6.228789360709719,6.177301861430768,0.058371199179821,14.039710961577462,6.225799377571645,5.504470491844309,6.741549508652152,6.201508561845454,D:\wangshuo\paper4_2\unet_7block_combined_models\unet_7block_combined_0dB_seed100.h5,D:\wangshuo\paper4_2\unet_7block_combined_models\training_curve_7block_combined_0dB_seed100.txt,56518,6280,,,,
0,123,7,56,0.0035468393471091,5.683535082754735,5.696123457219104,-1.7363897651118978,14.666955828177832,6.339093634353577,4.468379092902929,6.707820227484139,4.421947529793186,D:\wangshuo\paper4_2\unet_7block_combined_models\unet_7block_combined_0dB_seed123.h5,D:\wangshuo\paper4_2\unet_7block_combined_models\training_curve_7block_combined_0dB_seed123.txt,56518,6280,,,,
0,256,7,73,0.005694027990102768,5.6245380882175935,5.671491985867911,-1.2180496500296454,13.875590987765863,6.238190606527931,4.100765936345581,6.672100782674675,4.699032333795007,D:\wangshuo\paper4_2\unet_7block_combined_models\unet_7block_combined_0dB_seed256.h5,D:\wangshuo\paper4_2\unet_7block_combined_models\training_curve_7block_combined_0dB_seed256.txt,56518,6280,1037.8698935508728,17.297831559181212,0.28829719265302023,00:17:17
0,512,7,67,0.005673079285770655,6.302389266637169,6.250138906721249,-0.7506868097282039,14.5705768705953,6.372776765856158,5.6634931050887225,6.80398028544073,6.097966431164183,D:\wangshuo\paper4_2\unet_7block_combined_models\unet_7block_combined_0dB_seed512.h5,D:\wangshuo\paper4_2\unet_7block_combined_models\training_curve_7block_combined_0dB_seed512.txt,56518,6280,1047.9596524238586,17.46599420706431,0.29109990345107184,00:17:27
0,2024,7,49,0.0028383070603013,5.650538258035647,5.567256189847802,-2.7538249524846043,15.406111852568872,5.968415681560905,4.802142890485514,6.341525718373083,5.01147405292455,D:\wangshuo\paper4_2\unet_7block_combined_models\unet_7block_combined_0dB_seed2024.h5,D:\wangshuo\paper4_2\unet_7block_combined_models\training_curve_7block_combined_0dB_seed2024.txt,56518,6280,,,,
5,7,7,63,0.004382886458188295,9.369459245277591,9.275933072240765,0.9853510359321354,18.44192487770946,9.712202796353802,8.93129150408099,9.844037734318302,8.602576129847908,D:\wangshuo\paper4_2\unet_7block_combined_models\unet_7block_combined_5dB_seed7.h5,D:\wangshuo\paper4_2\unet_7block_combined_models\training_curve_7block_combined_5dB_seed7.txt,56518,6280,1046.8972992897034,17.448288321495056,0.29080480535825093,00:17:26
5,19,7,97,0.0028816782869398594,9.63329672871563,9.563132054012684,2.8315776570853273,17.07923519794527,9.983667043338555,9.06833760153379,9.94366924076429,9.224063713499884,D:\wangshuo\paper4_2\unet_7block_combined_models\unet_7block_combined_5dB_seed19.h5,D:\wangshuo\paper4_2\unet_7block_combined_models\training_curve_7block_combined_5dB_seed19.txt,56518,6280,1046.253664970398,17.437561082839967,0.2906260180473328,00:17:26
5,42,7,64,0.002765194745734334,9.219626794287509,9.190809158571845,1.7009706269809588,16.81333484212415,9.450889301124207,8.656033299151005,9.728948822194813,8.691310388316024,D:\wangshuo\paper4_2\unet_7block_combined_models\unet_7block_combined_5dB_seed42.h5,D:\wangshuo\paper4_2\unet_7block_combined_models\training_curve_7block_combined_5dB_seed42.txt,56518,6280,1043.4201967716217,17.390336612860363,0.2898389435476727,00:17:23
5,66,7,61,0.003344474360346794,9.277163879528635,9.204189232610243,1.8484447278604255,19.06996019937241,9.40932974455516,8.774573954073235,9.80785132920726,8.802449981648076,D:\wangshuo\paper4_2\unet_7block_combined_models\unet_7block_combined_5dB_seed66.h5,D:\wangshuo\paper4_2\unet_7block_combined_models\training_curve_7block_combined_5dB_seed66.txt,56518,6280,1048.3893349170685,17.47315558195114,0.29121925969918566,00:17:28
5,88,7,72,0.0027924079913645983,9.547629428751646,9.482467652916728,2.586322704699163,17.45652663433125,9.679574440438886,9.136930146294096,9.99584317702005,9.102948853150082,D:\wangshuo\paper4_2\unet_7block_combined_models\unet_7block_combined_5dB_seed88.h5,D:\wangshuo\paper4_2\unet_7block_combined_models\training_curve_7block_combined_5dB_seed88.txt,56518,6280,1044.062705039978,17.401045083999634,0.29001741806666054,00:17:24
5,100,7,64,0.0014232182875275612,9.36563213341277,9.275470410340295,2.1961181343625573,18.404091218382234,9.595988728252676,8.666597591180231,9.9533930528941,8.858442980377358,D:\wangshuo\paper4_2\unet_7block_combined_models\unet_7block_combined_5dB_seed100.h5,D:\wangshuo\paper4_2\unet_7block_combined_models\training_curve_7block_combined_5dB_seed100.txt,56518,6280,1052.6473171710968,17.544121952851615,0.2924020325475269,00:17:32
5,123,7,76,0.0017468261066824198,9.468040637895001,9.361544220558654,2.769924704039976,18.46952503123073,9.887318492789646,9.027296051303445,9.917761130406097,8.627543374213786,D:\wangshuo\paper4_2\unet_7block_combined_models\unet_7block_combined_5dB_seed123.h5,D:\wangshuo\paper4_2\unet_7block_combined_models\training_curve_7block_combined_5dB_seed123.txt,56518,6280,1049.7926490306854,17.496544150511422,0.2916090691751904,00:17:29
5,256,7,65,0.002443815115839243,9.174409133101124,9.11235797046097,2.625239454746715,17.19239346566889,9.524338993662441,8.449775485344421,9.832015163053677,8.413542661747142,D:\wangshuo\paper4_2\unet_7block_combined_models\unet_7block_combined_5dB_seed256.h5,D:\wangshuo\paper4_2\unet_7block_combined_models\training_curve_7block_combined_5dB_seed256.txt,56518,6280,1054.931477546692,17.582191292444865,0.2930365215407478,00:17:34
5,512,7,57,0.0027955863624811172,9.306503289891726,9.216908205692146,1.5493406793586955,17.368132368162538,9.557479986635517,8.69134182858301,9.828589395786876,8.781869239981017,D:\wangshuo\paper4_2\unet_7block_combined_models\unet_7block_combined_5dB_seed512.h5,D:\wangshuo\paper4_2\unet_7block_combined_models\training_curve_7block_combined_5dB_seed512.txt,56518,6280,1045.9418861865997,17.43236476977666,0.29053941282961104,00:17:25
5,2024,7,70,0.0014185498002916574,9.258616511855116,9.198364828876251,0.22986215815731215,18.55070013930129,9.564796477830985,8.952623388476326,9.683376832011687,8.48691911092044,D:\wangshuo\paper4_2\unet_7block_combined_models\unet_7block_combined_5dB_seed2024.h5,D:\wangshuo\paper4_2\unet_7block_combined_models\training_curve_7block_combined_5dB_seed2024.txt,56518,6280,1057.06067943573,17.6176779905955,0.293627966509925,00:17:37
10,7,7,91,0.00173851172439754,13.078912368630329,13.058056616784919,1.8613553213091385,21.033051643213305,13.400580068544166,12.699536378606053,13.472347848878256,12.403947893656445,D:\wangshuo\paper4_2\unet_7block_combined_models\unet_7block_combined_10dB_seed7.h5,D:\wangshuo\paper4_2\unet_7block_combined_models\training_curve_7block_combined_10dB_seed7.txt,56518,6280,1051.1433882713318,17.519056471188865,0.2919842745198144,00:17:31
10,19,7,92,0.0011893522460013628,12.726548321115855,12.730113721898496,4.356538565378683,21.639367979019877,13.581897327420936,12.649909233550426,12.893498973795086,11.295919747562568,D:\wangshuo\paper4_2\unet_7block_combined_models\unet_7block_combined_10dB_seed19.h5,D:\wangshuo\paper4_2\unet_7block_combined_models\training_curve_7block_combined_10dB_seed19.txt,56518,6280,1049.16050863266,17.486008477210998,0.2914334746201833,00:17:29
10,42,7,86,0.0011444436386227608,12.325200726426413,12.422247871982304,1.434425860569328,20.976098300698144,12.944408875480523,11.404760369758398,13.1296226542137,11.14665615498548,D:\wangshuo\paper4_2\unet_7block_combined_models\unet_7block_combined_10dB_seed42.h5,D:\wangshuo\paper4_2\unet_7block_combined_models\training_curve_7block_combined_10dB_seed42.txt,56518,6280,1050.3050420284271,17.50508403380712,0.291751400563452,00:17:30
10,66,7,88,0.0013942992081865668,13.086566064707025,13.012534295896426,3.5324060348969484,21.779930531215378,13.628534203716669,12.764630204688375,13.481393873834476,12.027300018528267,D:\wangshuo\paper4_2\unet_7block_combined_models\unet_7block_combined_10dB_seed66.h5,D:\wangshuo\paper4_2\unet_7block_combined_models\training_curve_7block_combined_10dB_seed66.txt,56518,6280,1051.8614492416382,17.531024154027303,0.29218373590045504,00:17:31
10,88,7,82,0.0011911644833162427,12.591680851440408,12.57780931328735,3.244165200756437,20.958740945341177,13.385900109393813,12.090969260872631,13.08185020548349,11.198703637401863,D:\wangshuo\paper4_2\unet_7block_combined_models\unet_7block_combined_10dB_seed88.h5,D:\wangshuo\paper4_2\unet_7block_combined_models\training_curve_7block_combined_10dB_seed88.txt,56518,6280,1043.9266948699951,17.398778247833253,0.28997963746388755,00:17:23
10,100,7,96,0.000620594306383282,12.89287023804087,12.84073137411333,6.701343492590062,21.229979040094666,13.312672530782594,13.008626795343337,13.160667772893387,11.763323864009623,D:\wangshuo\paper4_2\unet_7block_combined_models\unet_7block_combined_10dB_seed100.h5,D:\wangshuo\paper4_2\unet_7block_combined_models\training_curve_7block_combined_10dB_seed100.txt,56518,6280,1053.9646434783936,17.56607739130656,0.292767956521776,00:17:33
10,123,7,72,0.0007919150521047413,12.053371681825105,12.10122511614887,5.5216185634689,20.411033544936878,12.67241406957824,11.00533586803331,12.898207641030476,10.943080949392035,D:\wangshuo\paper4_2\unet_7block_combined_models\unet_7block_combined_10dB_seed123.h5,D:\wangshuo\paper4_2\unet_7block_combined_models\training_curve_7block_combined_10dB_seed123.txt,56518,6280,1053.5738911628723,17.559564852714537,0.292659414211909,00:17:33
10,256,7,80,0.00101156544405967,12.33242601985394,12.327863565391059,5.924781848999464,21.128476129851425,12.937290019052156,11.393658122084172,13.106912879024186,11.237493794686433,D:\wangshuo\paper4_2\unet_7block_combined_models\unet_7block_combined_10dB_seed256.h5,D:\wangshuo\paper4_2\unet_7block_combined_models\training_curve_7block_combined_10dB_seed256.txt,56518,6280,1052.6933817863464,17.544889696439107,0.29241482827398513,00:17:32
10,512,7,82,0.0012924879556521773,12.793495826704504,12.74505055012689,5.395024137279316,20.70726379082389,13.072997789544054,12.558358386193031,13.168242108263032,12.064016667319374,D:\wangshuo\paper4_2\unet_7block_combined_models\unet_7block_combined_10dB_seed512.h5,D:\wangshuo\paper4_2\unet_7block_combined_models\training_curve_7block_combined_10dB_seed512.txt,56518,6280,1057.5264580249786,17.625440967082977,0.29375734945138293,00:17:37
10,2024,7,72,0.0005924960714764893,12.739155572675495,12.745785238305874,0.9539922421316033,22.81417379116443,13.363921191886497,12.354637693312128,13.23089032118103,11.477517275523777,D:\wangshuo\paper4_2\unet_7block_combined_models\unet_7block_combined_10dB_seed2024.h5,D:\wangshuo\paper4_2\unet_7block_combined_models\training_curve_7block_combined_10dB_seed2024.txt,56518,6280,1051.8908445835114,17.531514076391854,0.2921919012731976,00:17:31
15,7,7,39,0.0007026201346889138,15.769549407049498,15.746077047962828,5.10871955895783,21.939528311315343,16.109580606998986,15.505317979371432,16.218567394207586,14.870415169575258,D:\wangshuo\paper4_2\unet_7block_combined_models\unet_7block_combined_15dB_seed7.h5,D:\wangshuo\paper4_2\unet_7block_combined_models\training_curve_7block_combined_15dB_seed7.txt,56518,6280,1052.7234344482422,17.545390574137368,0.2924231762356228,00:17:32
15,19,7,80,0.00046191620640456676,16.466706382745393,16.459091216694535,7.569942837255274,23.187539825313557,17.047276463355203,16.589550369312352,16.53490812717376,15.387320170294714,D:\wangshuo\paper4_2\unet_7block_combined_models\unet_7block_combined_15dB_seed19.h5,D:\wangshuo\paper4_2\unet_7block_combined_models\training_curve_7block_combined_15dB_seed19.txt,56518,6280,1052.9089050292969,17.548481750488282,0.29247469584147134,00:17:32
15,42,7,49,0.0004454408772289753,15.641714947266042,15.74713176971262,4.287935225735535,23.796365784127413,16.19684776073316,15.26825390989752,16.211092175976233,14.357210429934998,D:\wangshuo\paper4_2\unet_7block_combined_models\unet_7block_combined_15dB_seed42.h5,D:\wangshuo\paper4_2\unet_7block_combined_models\training_curve_7block_combined_15dB_seed42.txt,56518,6280,1047.6216807365417,17.46036134560903,0.29100602242681717,00:17:27
15,66,7,90,0.000530294026248157,15.980029400389848,15.99903596095852,5.137370197169927,22.973469390451406,16.68494570714351,15.453418882350862,16.35229001384543,14.918461811485184,D:\wangshuo\paper4_2\unet_7block_combined_models\unet_7block_combined_15dB_seed66.h5,D:\wangshuo\paper4_2\unet_7block_combined_models\training_curve_7block_combined_15dB_seed66.txt,56518,6280,1058.1420335769653,17.63570055961609,0.2939283426602681,00:17:38
15,88,7,60,0.0004271359648555517,16.07762054006088,16.19828339148154,6.396948410143061,23.694583447836894,16.637353061357135,15.469738890703551,16.599432255114905,15.090884958361173,D:\wangshuo\paper4_2\unet_7block_combined_models\unet_7block_combined_15dB_seed88.h5,D:\wangshuo\paper4_2\unet_7block_combined_models\training_curve_7block_combined_15dB_seed88.txt,56518,6280,1049.596203804016,17.493270063400267,0.29155450105667113,00:17:29
15,100,7,98,0.0002525450836401433,16.15569900740648,16.115856362158127,8.878212372356941,23.830766823487778,16.54146199151901,15.632111501631202,16.70615282812003,15.298938489675372,D:\wangshuo\paper4_2\unet_7block_combined_models\unet_7block_combined_15dB_seed100.h5,D:\wangshuo\paper4_2\unet_7block_combined_models\training_curve_7block_combined_15dB_seed100.txt,56518,6280,1031.8960266113281,17.1982671101888,0.28663778516981336,00:17:11
15,123,7,84,0.0003041621239390224,16.20089476171157,16.265127677107046,8.109097649479759,23.34415121971674,16.75087911860193,15.641236596796375,16.65803335738045,15.275661638810892,D:\wangshuo\paper4_2\unet_7block_combined_models\unet_7block_combined_15dB_seed123.h5,D:\wangshuo\paper4_2\unet_7block_combined_models\training_curve_7block_combined_15dB_seed123.txt,56518,6280,1051.0805313587189,17.518008855978646,0.29196681426631077,00:17:31
15,256,7,77,0.00038357634912244976,16.175353551081514,16.211531790849808,9.36255190162284,24.579832572429265,16.89188982608329,16.119227350770082,16.414734539658728,14.822085582633072,D:\wangshuo\paper4_2\unet_7block_combined_models\unet_7block_combined_15dB_seed256.h5,D:\wangshuo\paper4_2\unet_7block_combined_models\training_curve_7block_combined_15dB_seed256.txt,56518,6280,1010.3337833881378,16.838896389802297,0.2806482731633716,00:16:50
15,512,7,83,0.0004993287147954106,16.57548495373703,16.570317554031924,8.335061178270383,24.83120344817776,17.150263624871915,16.37280582638738,16.958979624684925,15.365296135431127,D:\wangshuo\paper4_2\unet_7block_combined_models\unet_7block_combined_15dB_seed512.h5,D:\wangshuo\paper4_2\unet_7block_combined_models\training_curve_7block_combined_15dB_seed512.txt,56518,6280,1000.3278813362122,16.672131355603536,0.2778688559267256,00:16:40
15,2024,7,72,0.00024331115128006786,16.11487587331231,16.15760093975743,4.457016370496393,23.69591550701829,16.6183850919397,15.631479989008985,16.562817822916806,15.19546235197193,D:\wangshuo\paper4_2\unet_7block_combined_models\unet_7block_combined_15dB_seed2024.h5,D:\wangshuo\paper4_2\unet_7block_combined_models\training_curve_7block_combined_15dB_seed2024.txt,56518,6280,1052.901905298233,17.548365088303886,0.2924727514717314,00:17:32
