input_snr_db,condition,clean_name,noise_type,metric,model_count,input_mean,input_std_models,output_mean,output_std_models,output_median,output_min,output_max
0,la_normal,la,normal,snr,10,-2.5125202740618943e-07,5.580319513601782e-23,5.588507216068191,0.26575748325784454,5.599549200590404,5.1288825846832165,6.007164201306844
0,la_normal,la,normal,correlation,10,0.7072192973571187,0.0,0.8396257832717696,0.01129596176816196,0.8408025414978566,0.8194782605069634,0.8562687833336518
0,la_normal,la,normal,nrmse,10,1.0000000288972903,0.0,0.5374304611076219,0.016777229356126196,0.5369042503787076,0.5112260508170828,0.5665403500185794
0,la_normal,la,normal,spectral_distortion_db,10,23.617234541424438,0.0,8.18282436778036,0.18672360519521292,8.152818860081469,7.91140550314865,8.516948159655367
0,la_truck,la,truck,snr,10,-1.3117604336936008e-07,0.0,5.744511254922239,0.2523651022167204,5.669222803438073,5.270370006248588,6.135449050988927
0,la_truck,la,truck,correlation,10,0.7103640614495302,0.0,0.8322009895229641,0.009091015065428027,0.8321692237661638,0.8130477914267421,0.8453134938121497
0,la_truck,la,truck,nrmse,10,1.0000000150730313,0.0,0.5354386109043325,0.01468369636642893,0.539227088514542,0.5140675487354115,0.562858748039276
0,la_truck,la,truck,spectral_distortion_db,10,20.75621800542309,3.744889033148481e-15,7.954480131935067,0.142093322260057,7.914735657633376,7.728906834341664,8.173778104838345
0,jian_normal,jian,normal,snr,10,-2.457540682753058e-07,0.0,4.639715706893198,0.6252992173471126,4.7393080770949325,3.463925763871138,5.311798963373712
0,jian_normal,jian,normal,correlation,10,0.7060751319261229,1.1702778228589004e-16,0.8260095109515697,0.011729913681130714,0.8249671214360839,0.8110193830076037,0.8444792259190165
0,jian_normal,jian,normal,nrmse,10,1.0000000281777712,0.0,0.5993132053180223,0.04514361563874343,0.5904123770086185,0.5529589414456199,0.6874435898243871
0,jian_normal,jian,normal,spectral_distortion_db,10,20.28646889708853,0.0,8.438358335048742,0.2812285317733008,8.41251667106092,8.069044677333377,9.029126518266807
0,jian_truck,jian,truck,snr,10,-1.1738352646880399e-07,0.0,4.801230483877236,0.6815694353182615,4.899963271587794,3.6146206016352345,5.621447689765766
0,jian_truck,jian,truck,correlation,10,0.710311584382582,0.0,0.831759743244457,0.011865977530210311,0.8336669536992782,0.8096687266386986,0.8481178705779244
0,jian_truck,jian,truck,nrmse,10,1.0000000133985656,0.0,0.588020379830882,0.04798216768626153,0.5802178744774837,0.5332259444206469,0.6754806156979585
0,jian_truck,jian,truck,spectral_distortion_db,10,17.66334506288631,3.744889033148481e-15,8.479391818250342,0.4251818947426288,8.44661292035245,7.980561775056762,9.146104588997254
5,la_normal,la,normal,snr,10,4.9999997949182475,0.0,8.658535014383993,0.37854952184066626,8.639134619785727,8.134482953033828,9.288182152809638
5,la_normal,la,normal,correlation,10,0.8723300529584781,1.1702778228589004e-16,0.9246446483408353,0.007843846357083573,0.9245720414460883,0.911743464276976,0.9361257240702163
5,la_normal,la,normal,nrmse,10,0.5623413377860478,1.1702778228589004e-16,0.3771251140765257,0.017301740546988863,0.37713577506730467,0.34937139140188783,0.4029931994098758
5,la_normal,la,normal,spectral_distortion_db,10,19.27079982824963,3.744889033148481e-15,7.4106150317342685,0.15661332931101024,7.413544416683877,7.180930096508121,7.622918826956199
5,la_truck,la,truck,snr,10,4.999999909810923,0.0,8.55175699826882,0.21263856372734333,8.521662870052364,8.277712308741085,8.90174645598637
5,la_truck,la,truck,correlation,10,0.8744467654922887,0.0,0.9174126443603443,0.005342111870267765,0.9183978244316181,0.9096959541338061,0.926179277166008
5,la_truck,la,truck,nrmse,10,0.562341330347673,1.1702778228589004e-16,0.38698997597335355,0.01071369799246691,0.3867150862387273,0.3689016246260673,0.40143076195797006
5,la_truck,la,truck,spectral_distortion_db,10,16.542252754311654,0.0,7.12601728521304,0.12094934784815194,7.128907706908711,6.965879102417447,7.301422930786832
5,jian_normal,jian,normal,snr,10,4.9999996635698265,9.362222582871203e-16,8.163218962410289,0.3088617614360697,8.151851128420926,7.687306302684355,8.545971918524042
5,jian_normal,jian,normal,correlation,10,0.8721353611615228,0.0,0.9197575045058132,0.006844984368121537,0.9197460293515582,0.9087888338329391,0.9289945373477995
5,jian_normal,jian,normal,nrmse,10,0.5623413365221885,0.0,0.39777484673856545,0.014148485193003534,0.39778062227299893,0.38140709464094863,0.4197089139218405
5,jian_normal,jian,normal,spectral_distortion_db,10,16.137300671049186,0.0,7.984268922485393,0.3242221513787712,8.07684257084742,7.510249144240023,8.459260866897196
5,jian_truck,jian,truck,snr,10,4.999999768335825,0.0,8.02287029943965,0.23617375354397266,7.971175704468818,7.6087246707628235,8.440065841831483
5,jian_truck,jian,truck,correlation,10,0.8745318700099904,0.0,0.9149480567622771,0.003782033710336235,0.914013347094942,0.9102160613673793,0.9212970756934563
5,jian_truck,jian,truck,nrmse,10,0.5623413297394343,1.1702778228589004e-16,0.404190676320541,0.010964987936173254,0.4058775109647505,0.38511979855811346,0.4244293757040578
5,jian_truck,jian,truck,spectral_distortion_db,10,13.701879142279973,1.8724445165742407e-15,8.002854190742438,0.42210173935734474,8.126207334447098,7.394480257793885,8.605082658060146
10,la_normal,la,normal,snr,10,9.999999713532628,1.8724445165742407e-15,12.432368771058915,0.2856833339214835,12.478157963607853,12.041125705326339,12.912455694014144
10,la_normal,la,normal,correlation,10,0.9538942723028538,0.0,0.9709377800721779,0.0014015075365635097,0.9707445581690459,0.9689510313324575,0.9734862820864479
10,la_normal,la,normal,nrmse,10,0.3162277748798624,5.851389114294502e-17,0.24215375182128662,0.007722533087481023,0.24124261181829448,0.22889918166431691,0.2522211983278609
10,la_normal,la,normal,spectral_distortion_db,10,15.223646257885354,0.0,6.509162436373385,0.1416511279503711,6.46322990829695,6.278586409239474,6.763736791994139
10,la_truck,la,truck,snr,10,9.999999837927332,0.0,12.120203699252496,0.11718789139029111,12.084455588583452,11.997067795315095,12.356061045315531
10,la_truck,la,truck,correlation,10,0.9548117937181534,0.0,0.9673342690259007,0.0007952081426984119,0.9673605135194157,0.9657002500050808,0.9687419939002253
10,la_truck,la,truck,nrmse,10,0.3162277703510158,0.0,0.2533272891264898,0.0031686845803108534,0.2540365129633304,0.24721675535325627,0.2576380193714208
10,la_truck,la,truck,spectral_distortion_db,10,12.738609871716935,0.0,6.247834816111392,0.13627442898907022,6.2312511020902654,5.959742790215083,6.456109204244115
10,jian_normal,jian,normal,snr,10,9.999999098187745,0.0,11.49775217609637,0.7427529519971909,11.693733567117125,10.265223943367413,12.49129287310944
10,jian_normal,jian,normal,correlation,10,0.953925972554789,1.1702778228589004e-16,0.9681403763011,0.0014609048643106956,0.9679084846778739,0.9660779713586963,0.970619824033016
10,jian_normal,jian,normal,nrmse,10,0.31622777450703954,5.851389114294502e-17,0.2717098160528675,0.024292061932873605,0.26489985283044976,0.24039935156029577,0.3125665352878445
10,jian_normal,jian,normal,spectral_distortion_db,10,12.394496751028493,1.8724445165742407e-15,7.745872918189791,0.43454946143948897,7.665706635071803,7.039153491514366,8.54024903487378
10,jian_truck,jian,truck,snr,10,9.999999221456436,0.0,10.91594281177787,0.4694806154326515,10.808624626152767,10.30814509709415,11.581613871108784
10,jian_truck,jian,truck,correlation,10,0.9548842847170091,1.1702778228589004e-16,0.9624442137496738,0.001256746883968451,0.9622712445763236,0.9601245989020962,0.9645279848770677
10,jian_truck,jian,truck,nrmse,10,0.3162277700191872,5.851389114294502e-17,0.28984319171025585,0.015790766501072546,0.2928145641056217,0.26765474525334654,0.3102202521040829
10,jian_truck,jian,truck,spectral_distortion_db,10,10.291709487897753,1.8724445165742407e-15,7.735738342787431,0.5356212853671132,7.608331780583459,6.949826471420688,8.699569250128523
15,la_normal,la,normal,snr,10,14.99999954247597,1.8724445165742407e-15,16.206968079375425,0.30894814157800865,16.32091746334052,15.590191993262115,16.555569394313142
15,la_normal,la,normal,correlation,10,0.9847245909969512,0.0,0.9881931820801586,0.0009416205397778848,0.9884907432718704,0.9861776462104797,0.9890207070872999
15,la_normal,la,normal,nrmse,10,0.17782794738618649,2.925694557147251e-17,0.15599860438067775,0.0056575675606808816,0.15376912078968247,0.1496544510462523,0.1675354800692946
15,la_normal,la,normal,spectral_distortion_db,10,11.63866156356107,0.0,6.069942048781206,0.1899041406704567,6.0525401504828835,5.853749864109149,6.480915385529469
15,la_truck,la,truck,snr,10,14.999999645069341,1.8724445165742407e-15,15.993311494382345,0.15707584974464128,16.003913099530642,15.76380424320656,16.214453149536016
15,la_truck,la,truck,correlation,10,0.9850445126681194,1.1702778228589004e-16,0.987311402879298,0.000387182942821601,0.9873909813362465,0.9867167044609607,0.9877171651451215
15,la_truck,la,truck,nrmse,10,0.1778279452857719,0.0,0.16069547410368937,0.002751327162392073,0.160535411207745,0.15736664296393116,0.16480286904332386
15,la_truck,la,truck,spectral_distortion_db,10,9.551924462762134,0.0,5.78510834015629,0.19187036628787044,5.79206586612497,5.49705832280947,6.191349425023536
15,jian_normal,jian,normal,snr,10,14.999997421249187,1.8724445165742407e-15,15.141042643305019,0.48653851146167415,14.983286709542126,14.639509472458363,16.05357057531945
15,jian_normal,jian,normal,correlation,10,0.9847528185236752,0.0,0.9871243528341708,0.0006264431803204067,0.987078785501317,0.9861854407352987,0.9880548216324404
15,jian_normal,jian,normal,nrmse,10,0.17782794727277423,2.925694557147251e-17,0.17785429534532318,0.01021635770047505,0.18062140949094224,0.1592065431474646,0.1891968779554485
15,jian_normal,jian,normal,spectral_distortion_db,10,9.251532804983457,0.0,7.394232030999952,0.5513146876999683,7.183147004902175,6.808184588046927,8.184924669222543
15,jian_truck,jian,truck,snr,10,14.99999752722616,0.0,14.498403251673079,0.3291213719019699,14.542526942380054,13.734260375795769,14.891781931005577
15,jian_truck,jian,truck,correlation,10,0.9850744644446253,1.1702778228589004e-16,0.9845940487184475,0.0004443404600732514,0.9845545101162461,0.9838506345436324,0.9852712965833607
15,jian_truck,jian,truck,nrmse,10,0.17782794510308558,0.0,0.19110250854075367,0.007974766931036787,0.18965391587852937,0.1815988332900101,0.21012101589873197
15,jian_truck,jian,truck,spectral_distortion_db,10,7.589732328118577,1.8724445165742407e-15,7.3580692375510655,0.614991978703599,7.1257075911268295,6.725394008912694,8.305860221110391
