input_snr_db,noise_type,classifier_seed,method,accuracy,threshold,denoise_model_seed
0,normal,42,non_denoised,0.8658049040511727,0.5,7
0,normal,42,wavelet,0.8594083155650319,0.5,7
0,normal,42,proposed,0.9167110874200426,0.5,7
0,truck,42,non_denoised,0.8595415778251599,0.5,7
0,truck,42,wavelet,0.8600746268656716,0.5,7
0,truck,42,proposed,0.9183102345415778,0.5,7
0,normal,123,non_denoised,0.8610074626865671,0.5,7
0,normal,123,wavelet,0.8586087420042644,0.5,7
0,normal,123,proposed,0.9165778251599147,0.5,7
0,truck,123,non_denoised,0.8592750533049041,0.5,7
0,truck,123,wavelet,0.8615405117270789,0.5,7
0,truck,123,proposed,0.9167110874200426,0.5,7
0,normal,2024,non_denoised,0.8932569296375267,0.5,7
0,normal,2024,wavelet,0.8903251599147122,0.5,7
0,normal,2024,proposed,0.9245735607675906,0.5,7
0,truck,2024,non_denoised,0.875,0.5,7
0,truck,2024,wavelet,0.8816631130063965,0.5,7
0,truck,2024,proposed,0.9227078891257996,0.5,7
0,normal,7,non_denoised,0.8491471215351812,0.5,7
0,normal,7,wavelet,0.8550106609808102,0.5,7
0,normal,7,proposed,0.9221748400852878,0.5,7
0,truck,7,non_denoised,0.8568763326226013,0.5,7
0,truck,7,wavelet,0.8586087420042644,0.5,7
0,truck,7,proposed,0.9191098081023454,0.5,7
0,normal,19,non_denoised,0.8784648187633263,0.5,7
0,normal,19,wavelet,0.8797974413646056,0.5,7
0,normal,19,proposed,0.9249733475479744,0.5,7
0,truck,19,non_denoised,0.8551439232409381,0.5,7
0,truck,19,wavelet,0.8603411513859275,0.5,7
0,truck,19,proposed,0.9233742004264393,0.5,7
0,normal,66,non_denoised,0.8831289978678039,0.5,7
0,normal,66,wavelet,0.8825959488272921,0.5,7
0,normal,66,proposed,0.9281716417910447,0.5,7
0,truck,66,non_denoised,0.8674040511727079,0.5,7
0,truck,66,wavelet,0.8740671641791045,0.5,7
0,truck,66,proposed,0.9272388059701493,0.5,7
0,normal,88,non_denoised,0.9104477611940298,0.5,7
0,normal,88,wavelet,0.9012526652452025,0.5,7
0,normal,88,proposed,0.9188432835820896,0.5,7
0,truck,88,non_denoised,0.8765991471215352,0.5,7
0,truck,88,wavelet,0.8791311300639659,0.5,7
0,truck,88,proposed,0.9221748400852878,0.5,7
0,normal,100,non_denoised,0.8800639658848614,0.5,7
0,normal,100,wavelet,0.8795309168443497,0.5,7
0,normal,100,proposed,0.9197761194029851,0.5,7
0,truck,100,non_denoised,0.8571428571428571,0.5,7
0,truck,100,wavelet,0.8670042643923241,0.5,7
0,truck,100,proposed,0.9249733475479744,0.5,7
0,normal,256,non_denoised,0.8532782515991472,0.5,7
0,normal,256,wavelet,0.8563432835820896,0.5,7
0,normal,256,proposed,0.9143123667377399,0.5,7
0,truck,256,non_denoised,0.8642057569296375,0.5,7
0,truck,256,wavelet,0.8690031982942431,0.5,7
0,truck,256,proposed,0.9173773987206824,0.5,7
0,normal,512,non_denoised,0.8716684434968017,0.5,7
0,normal,512,wavelet,0.8706023454157783,0.5,7
0,normal,512,proposed,0.92590618336887,0.5,7
0,truck,512,non_denoised,0.8662046908315565,0.5,7
0,truck,512,wavelet,0.8667377398720683,0.5,7
0,truck,512,proposed,0.9248400852878464,0.5,7
5,normal,42,non_denoised,0.9276385927505331,0.5,19
5,normal,42,wavelet,0.9187100213219617,0.5,19
5,normal,42,proposed,0.9621535181236673,0.5,19
5,truck,42,non_denoised,0.9276385927505331,0.5,19
5,truck,42,wavelet,0.9232409381663113,0.5,19
5,truck,42,proposed,0.9553571428571429,0.5,19
5,normal,123,non_denoised,0.9231076759061834,0.5,19
5,normal,123,wavelet,0.9133795309168443,0.5,19
5,normal,123,proposed,0.9601545842217484,0.5,19
5,truck,123,non_denoised,0.9240405117270789,0.5,19
5,truck,123,wavelet,0.9208422174840085,0.5,19
5,truck,123,proposed,0.9533582089552238,0.5,19
5,normal,2024,non_denoised,0.9436300639658849,0.5,19
5,normal,2024,wavelet,0.9372334754797441,0.5,19
5,normal,2024,proposed,0.9641524520255863,0.5,19
5,truck,2024,non_denoised,0.9367004264392325,0.5,19
5,truck,2024,wavelet,0.9335021321961621,0.5,19
5,truck,2024,proposed,0.9585554371002132,0.5,19
5,normal,7,non_denoised,0.9253731343283582,0.5,19
5,normal,7,wavelet,0.9176439232409381,0.5,19
5,normal,7,proposed,0.9625533049040512,0.5,19
5,truck,7,non_denoised,0.9272388059701493,0.5,19
5,truck,7,wavelet,0.9235074626865671,0.5,19
5,truck,7,proposed,0.955090618336887,0.5,19
5,normal,19,non_denoised,0.94136460554371,0.5,19
5,normal,19,wavelet,0.9333688699360341,0.5,19
5,normal,19,proposed,0.966684434968017,0.5,19
5,truck,19,non_denoised,0.9307036247334755,0.5,19
5,truck,19,wavelet,0.927905117270789,0.5,19
5,truck,19,proposed,0.9564232409381663,0.5,19
5,normal,66,non_denoised,0.9465618336886994,0.5,19
5,normal,66,wavelet,0.9380330490405118,0.5,19
5,normal,66,proposed,0.9700159914712153,0.5,19
5,truck,66,non_denoised,0.9382995735607675,0.5,19
5,truck,66,wavelet,0.9368336886993603,0.5,19
5,truck,66,proposed,0.9641524520255863,0.5,19
5,normal,88,non_denoised,0.9493603411513859,0.5,19
5,normal,88,wavelet,0.9417643923240938,0.5,19
5,normal,88,proposed,0.9620202558635395,0.5,19
5,truck,88,non_denoised,0.9352345415778252,0.5,19
5,truck,88,wavelet,0.931636460554371,0.5,19
5,truck,88,proposed,0.9574893390191898,0.5,19
5,normal,100,non_denoised,0.9420309168443497,0.5,19
5,normal,100,wavelet,0.9361673773987207,0.5,19
5,normal,100,proposed,0.9692164179104478,0.5,19
5,truck,100,non_denoised,0.9281716417910447,0.5,19
5,truck,100,wavelet,0.9239072494669509,0.5,19
5,truck,100,proposed,0.9581556503198294,0.5,19
5,normal,256,non_denoised,0.9204424307036247,0.5,19
5,normal,256,wavelet,0.9099147121535182,0.5,19
5,normal,256,proposed,0.9602878464818764,0.5,19
5,truck,256,non_denoised,0.9291044776119403,0.5,19
5,truck,256,wavelet,0.9285714285714286,0.5,19
5,truck,256,proposed,0.955090618336887,0.5,19
5,normal,512,non_denoised,0.93363539445629,0.5,19
5,normal,512,wavelet,0.9253731343283582,0.5,19
5,normal,512,proposed,0.962953091684435,0.5,19
5,truck,512,non_denoised,0.9333688699360341,0.5,19
5,truck,512,wavelet,0.9275053304904051,0.5,19
5,truck,512,proposed,0.9554904051172708,0.5,19
10,normal,42,non_denoised,0.9597547974413646,0.5,66
10,normal,42,wavelet,0.956956289978678,0.5,66
10,normal,42,proposed,0.9640191897654584,0.5,66
10,truck,42,non_denoised,0.962819829424307,0.5,66
10,truck,42,wavelet,0.9614872068230277,0.5,66
10,truck,42,proposed,0.9650852878464818,0.5,66
10,normal,123,non_denoised,0.954957356076759,0.5,66
10,normal,123,wavelet,0.9477611940298507,0.5,66
10,normal,123,proposed,0.9605543710021321,0.5,66
10,truck,123,non_denoised,0.9586886993603412,0.5,66
10,truck,123,wavelet,0.9582889125799574,0.5,66
10,truck,123,proposed,0.9592217484008528,0.5,66
10,normal,2024,non_denoised,0.9638859275053305,0.5,66
10,normal,2024,wavelet,0.9578891257995735,0.5,66
10,normal,2024,proposed,0.9642857142857143,0.5,66
10,truck,2024,non_denoised,0.9644189765458422,0.5,66
10,truck,2024,wavelet,0.962819829424307,0.5,66
10,truck,2024,proposed,0.9625533049040512,0.5,66
10,normal,7,non_denoised,0.9588219616204691,0.5,66
10,normal,7,wavelet,0.9553571428571429,0.5,66
10,normal,7,proposed,0.9610874200426439,0.5,66
10,truck,7,non_denoised,0.9645522388059702,0.5,66
10,truck,7,wavelet,0.9624200426439232,0.5,66
10,truck,7,proposed,0.9634861407249466,0.5,66
10,normal,19,non_denoised,0.9678837953091685,0.5,66
10,normal,19,wavelet,0.9656183368869936,0.5,66
10,normal,19,proposed,0.9669509594882729,0.5,66
10,truck,19,non_denoised,0.964952025586354,0.5,66
10,truck,19,wavelet,0.9636194029850746,0.5,66
10,truck,19,proposed,0.9665511727078892,0.5,66
10,normal,66,non_denoised,0.9702825159914712,0.5,66
10,normal,66,wavelet,0.9673507462686567,0.5,66
10,normal,66,proposed,0.9709488272921108,0.5,66
10,truck,66,non_denoised,0.9696162046908315,0.5,66
10,truck,66,wavelet,0.9681503198294243,0.5,66
10,truck,66,proposed,0.970682302771855,0.5,66
10,normal,88,non_denoised,0.9665511727078892,0.5,66
10,normal,88,wavelet,0.9594882729211087,0.5,66
10,normal,88,proposed,0.9610874200426439,0.5,66
10,truck,88,non_denoised,0.9620202558635395,0.5,66
10,truck,88,wavelet,0.9592217484008528,0.5,66
10,truck,88,proposed,0.9622867803837953,0.5,66
10,normal,100,non_denoised,0.9677505330490405,0.5,66
10,normal,100,wavelet,0.9636194029850746,0.5,66
10,normal,100,proposed,0.9681503198294243,0.5,66
10,truck,100,non_denoised,0.9653518123667377,0.5,66
10,truck,100,wavelet,0.9633528784648188,0.5,66
10,truck,100,proposed,0.9676172707889126,0.5,66
10,normal,256,non_denoised,0.9562899786780383,0.5,66
10,normal,256,wavelet,0.9544243070362474,0.5,66
10,normal,256,proposed,0.9612206823027718,0.5,66
10,truck,256,non_denoised,0.9618869936034116,0.5,66
10,truck,256,wavelet,0.9594882729211087,0.5,66
10,truck,256,proposed,0.9624200426439232,0.5,66
10,normal,512,non_denoised,0.9612206823027718,0.5,66
10,normal,512,wavelet,0.9568230277185501,0.5,66
10,normal,512,proposed,0.9625533049040512,0.5,66
10,truck,512,non_denoised,0.9630863539445629,0.5,66
10,truck,512,wavelet,0.9600213219616205,0.5,66
10,truck,512,proposed,0.9618869936034116,0.5,66
15,normal,42,non_denoised,0.976545842217484,0.5,512
15,normal,42,wavelet,0.974546908315565,0.5,512
15,normal,42,proposed,0.9714818763326226,0.5,512
15,truck,42,non_denoised,0.9772121535181236,0.5,512
15,truck,42,wavelet,0.974680170575693,0.5,512
15,truck,42,proposed,0.9744136460554371,0.5,512
15,normal,123,non_denoised,0.9685501066098081,0.5,512
15,normal,123,wavelet,0.9658848614072495,0.5,512
15,normal,123,proposed,0.9664179104477612,0.5,512
15,truck,123,non_denoised,0.9714818763326226,0.5,512
15,truck,123,wavelet,0.9694829424307037,0.5,512
15,truck,123,proposed,0.9702825159914712,0.5,512
15,normal,2024,non_denoised,0.9710820895522388,0.5,512
15,normal,2024,wavelet,0.9678837953091685,0.5,512
15,normal,2024,proposed,0.9669509594882729,0.5,512
15,truck,2024,non_denoised,0.9718816631130064,0.5,512
15,truck,2024,wavelet,0.9704157782515992,0.5,512
15,truck,2024,proposed,0.9714818763326226,0.5,512
15,normal,7,non_denoised,0.9740138592750534,0.5,512
15,normal,7,wavelet,0.9709488272921108,0.5,512
15,normal,7,proposed,0.9696162046908315,0.5,512
15,truck,7,non_denoised,0.9741471215351812,0.5,512
15,truck,7,wavelet,0.9724147121535182,0.5,512
15,truck,7,proposed,0.9714818763326226,0.5,512
15,normal,19,non_denoised,0.9758795309168443,0.5,512
15,normal,19,wavelet,0.9744136460554371,0.5,512
15,normal,19,proposed,0.9721481876332623,0.5,512
15,truck,19,non_denoised,0.974546908315565,0.5,512
15,truck,19,wavelet,0.974546908315565,0.5,512
15,truck,19,proposed,0.9741471215351812,0.5,512
15,normal,66,non_denoised,0.9790778251599147,0.5,512
15,normal,66,wavelet,0.9793443496801706,0.5,512
15,normal,66,proposed,0.9774786780383795,0.5,512
15,truck,66,non_denoised,0.9788113006396588,0.5,512
15,truck,66,wavelet,0.9777452025586354,0.5,512
15,truck,66,proposed,0.9774786780383795,0.5,512
15,normal,88,non_denoised,0.9737473347547975,0.5,512
15,normal,88,wavelet,0.9700159914712153,0.5,512
15,normal,88,proposed,0.9684168443496801,0.5,512
15,truck,88,non_denoised,0.9709488272921108,0.5,512
15,truck,88,wavelet,0.9689498933901919,0.5,512
15,truck,88,proposed,0.9681503198294243,0.5,512
15,normal,100,non_denoised,0.9802771855010661,0.5,512
15,normal,100,wavelet,0.9773454157782516,0.5,512
15,normal,100,proposed,0.9753464818763327,0.5,512
15,truck,100,non_denoised,0.9753464818763327,0.5,512
15,truck,100,wavelet,0.9736140724946695,0.5,512
15,truck,100,proposed,0.9742803837953091,0.5,512
15,normal,256,non_denoised,0.9732142857142857,0.5,512
15,normal,256,wavelet,0.9702825159914712,0.5,512
15,normal,256,proposed,0.9698827292110874,0.5,512
15,truck,256,non_denoised,0.9749466950959488,0.5,512
15,truck,256,wavelet,0.9730810234541578,0.5,512
15,truck,256,proposed,0.9733475479744137,0.5,512
15,normal,512,non_denoised,0.9737473347547975,0.5,512
15,normal,512,wavelet,0.9717484008528785,0.5,512
15,normal,512,proposed,0.9693496801705757,0.5,512
15,truck,512,non_denoised,0.9736140724946695,0.5,512
15,truck,512,wavelet,0.9714818763326226,0.5,512
15,truck,512,proposed,0.9710820895522388,0.5,512
